Date,Dubai,,
08년01월02일,89.29,,
08년01월03일,92.03,,
08년01월04일,92.29,,
08년01월07일,91.54,,
08년01월08일,90.12,,
08년01월09일,90.68,,
08년01월10일,88.73,,
08년01월11일,87.5,,
08년01월14일,86.64,,
08년01월15일,87.98,,
08년01월16일,85.71,,
08년01월17일,85.75,,
08년01월18일,84.83,,
08년01월21일,83.73,,
08년01월22일,81.84,,
08년01월23일,83.76,,
08년01월24일,83.38,,
08년01월25일,85.54,,
08년01월28일,85.51,,
08년01월29일,87.19,,
08년01월30일,87.89,,
08년01월31일,87.25,,
08년02월01일,87.2,,
08년02월04일,85.22,,
08년02월05일,85.69,,
08년02월06일,84.2,,
08년02월07일,,,
08년02월08일,,,
08년02월11일,87.43,,
08년02월12일,88.71,,
08년02월13일,88.64,,
08년02월14일,89.35,,
08년02월15일,90.44,,
08년02월18일,90.56,,
08년02월19일,91.61,,
08년02월20일,92.69,,
08년02월21일,93.12,,
08년02월22일,91.8,,
08년02월25일,92.21,,
08년02월26일,92.27,,
08년02월27일,94.46,,
08년02월28일,92.65,,
08년02월29일,94.82,,
08년03월03일,94.87,,
08년03월04일,95.61,,
08년03월05일,93.2,,
08년03월06일,96.14,,
08년03월07일,96.26,,
08년03월10일,95.6,,
08년03월11일,97.43,,
08년03월12일,97.99,,
08년03월13일,99.03,,
08년03월14일,100.18,,
08년03월17일,100.67,,
08년03월18일,97.3,,
08년03월19일,98.89,,
08년03월20일,94.03,,
08년03월24일,94.25,,
08년03월25일,94.75,,
08년03월26일,95.96,,
08년03월27일,98.75,,
08년03월28일,98.74,,
08년03월31일,97.66,,
08년04월01일,94.76,,
08년04월02일,95.27,,
08년04월03일,96.91,,
08년04월04일,96.96,,
08년04월07일,99.27,,
08년04월08일,100.51,,
08년04월09일,99.63,,
08년04월10일,102.58,,
08년04월11일,102.16,,
08년04월14일,101.66,,
08년04월15일,103.66,,
08년04월16일,105.16,,
08년04월17일,106.39,,
08년04월18일,105.83,,
08년04월21일,107.96,,
08년04월22일,108.2,,
08년04월23일,109.26,,
08년04월24일,109.57,,
08년04월25일,108.04,,
08년04월28일,109.97,,
08년04월29일,109.13,,
08년04월30일,106.79,,
08년05월01일,,,
08년05월02일,104.86,,
08년05월05일,109.77,,
08년05월06일,113.25,,
08년05월07일,114.96,,
08년05월08일,116.48,,
08년05월09일,118.38,,
08년05월12일,120.2,,
08년05월13일,117.9,,
08년05월14일,119.4,,
08년05월15일,119.09,,
08년05월16일,118.45,,
08년05월19일,,,
08년05월20일,120.4,,
08년05월21일,123.69,,
08년05월22일,128.97,,
08년05월23일,126.44,,
08년05월24일,,,
08년05월26일,126.49,,
08년05월27일,126.48,,
08년05월28일,120.82,,
08년05월29일,123.92,,
08년05월30일,120.01,,
08년06월02일,120.98,,
08년06월03일,122.23,,
08년06월04일,118.99,,
08년06월05일,117.87,,
08년06월06일,122.76,,
08년06월09일,130.71,,
08년06월10일,127.66,,
08년06월11일,127.61,,
08년06월12일,130.16,,
08년06월13일,131.03,,
08년06월16일,128.72,,
08년06월17일,129.52,,
08년06월18일,128.4,,
08년06월19일,130.62,,
08년06월20일,127.09,,
08년06월23일,130.07,,
08년06월24일,130.88,,
08년06월25일,130.8,,
08년06월26일,128.41,,
08년06월27일,135.15,,
08년06월30일,136.16,,
08년07월01일,136.56,,
08년07월02일,136.73,,
08년07월03일,140.31,,
08년07월04일,140.7,,
08년07월07일,138.91,,
08년07월08일,137.51,,
08년07월09일,134.15,,
08년07월10일,132.81,,
08년07월11일,139.03,,
08년07월14일,139.01,,
08년07월15일,140.22,,
08년07월16일,134.05,,
08년07월17일,131.08,,
08년07월18일,128.15,,
08년07월21일,127.7,,
08년07월22일,129.01,,
08년07월23일,123.58,,
08년07월24일,120.99,,
08년07월25일,122.6,,
08년07월28일,121.28,,
08년07월29일,122.53,,
08년07월30일,119.96,,
08년07월31일,123.33,,
08년08월01일,120.4,,
08년08월04일,122.51,,
08년08월05일,117.32,,
08년08월06일,116.11,,
08년08월07일,115.3,,
08년08월08일,114.16,,
08년08월11일,113.21,,
08년08월12일,110.28,,
08년08월13일,109.69,,
08년08월14일,111.9,,
08년08월15일,108.09,,
08년08월18일,109.58,,
08년08월19일,107.93,,
08년08월20일,110.7,,
08년08월21일,112.24,,
08년08월22일,116.74,,
08년08월25일,111.34,,
08년08월26일,110.52,,
08년08월27일,111.52,,
08년08월28일,112.24,,
08년08월29일,111.03,,
08년09월01일,111.64,,
08년09월02일,101.65,,
08년09월03일,103.27,,
08년09월04일,104.75,,
08년09월05일,101.33,,
08년09월08일,101.83,,
08년09월09일,98.95,,
08년09월10일,97.92,,
08년09월11일,95.62,,
08년09월12일,95.46,,
08년09월15일,92.35,,
08년09월16일,86.56,,
08년09월17일,87.17,,
08년09월18일,88.37,,
08년09월19일,89.88,,
08년09월22일,95.1,,
08년09월23일,96.68,,
08년09월24일,97.11,,
08년09월25일,95.22,,
08년09월26일,95.76,,
08년09월29일,94.11,,
08년09월30일,87.94,,
08년10월01일,,,
08년10월02일,89.54,,
08년10월03일,85.41,,
08년10월06일,80.25,,
08년10월07일,77.99,,
08년10월08일,74.56,,
08년10월09일,76.54,,
08년10월10일,72,,
08년10월13일,70.93,,
08년10월14일,73.75,,
08년10월15일,68.59,,
08년10월16일,61.91,,
08년10월17일,61.31,,
08년10월20일,62.83,,
08년10월21일,63.53,,
08년10월22일,59.81,,
08년10월23일,58.54,,
08년10월24일,56.47,,
08년10월27일,,,
08년10월28일,54.94,,
08년10월29일,55.42,,
08년10월30일,60.56,,
08년10월31일,55.74,,
08년11월03일,60.44,,
08년11월04일,55.21,,
08년11월05일,59.36,,
08년11월06일,56.21,,
08년11월07일,53.81,,
08년11월10일,55.78,,
08년11월11일,52.78,,
08년11월12일,51.26,,
08년11월13일,47.35,,
08년11월14일,49.51,,
08년11월17일,47.92,,
08년11월18일,46.67,,
08년11월19일,45.89,,
08년11월20일,44.89,,
08년11월21일,42.91,,
08년11월24일,42.82,,
08년11월25일,46.13,,
08년11월26일,44.18,,
08년11월27일,47.24,,
08년11월28일,47.61,,
08년12월01일,47.39,,
08년12월02일,42.56,,
08년12월03일,41.86,,
08년12월04일,40.92,,
08년12월05일,38.91,,
08년12월08일,,,
08년12월09일,39.73,,
08년12월10일,39.28,,
08년12월11일,39.68,,
08년12월12일,42.53,,
08년12월15일,43.82,,
08년12월16일,42.55,,
08년12월17일,43.59,,
08년12월18일,42.45,,
08년12월19일,40.46,,
08년12월22일,40.44,,
08년12월23일,37.37,,
08년12월24일,36.88,,
08년12월26일,,,
08년12월29일,36.84,,
08년12월30일,36.74,,
08년12월31일,36.45,,
09년01월02일,42.88,,
09년01월05일,45.48,,
09년01월06일,48.53,,
09년01월07일,50.25,,
09년01월08일,45.71,,
09년01월09일,45.93,,
09년01월12일,44.29,,
09년01월13일,42.2,,
09년01월14일,44.93,,
09년01월15일,44.18,,
09년01월16일,45.1,,
09년01월19일,43.56,,
09년01월20일,40.69,,
09년01월21일,40.61,,
09년01월22일,42.15,,
09년01월23일,42.41,,
09년01월26일,,,
09년01월27일,,,
09년01월28일,42.59,,
09년01월29일,42.95,,
09년01월30일,43.9,,
09년02월02일,44.8,,
09년02월03일,42.74,,
09년02월04일,42.86,,
09년02월05일,43.42,,
09년02월06일,45.45,,
09년02월09일,45.12,,
09년02월10일,45.56,,
09년02월11일,44.6,,
09년02월12일,44.53,,
09년02월13일,44.36,,
09년02월16일,43.32,,
09년02월17일,42.75,,
09년02월18일,40.45,,
09년02월19일,40.1,,
09년02월20일,41.38,,
09년02월23일,41.44,,
09년02월24일,40.13,,
09년02월25일,41.39,,
09년02월26일,43.38,,
09년02월27일,44.05,,
09년03월02일,43.66,,
09년03월03일,41.24,,
09년03월04일,41.93,,
09년03월05일,43.98,,
09년03월06일,43.04,,
09년03월09일,43.71,,
09년03월10일,43.12,,
09년03월11일,43.1,,
09년03월12일,41.46,,
09년03월13일,44.03,,
09년03월16일,42.07,,
09년03월17일,43.77,,
09년03월18일,46.04,,
09년03월19일,46.62,,
09년03월20일,48.62,,
09년03월23일,49.61,,
09년03월24일,50.22,,
09년03월25일,50.16,,
09년03월26일,50.42,,
09년03월27일,50.87,,
09년03월30일,48.31,,
09년03월31일,46.8,,
09년04월01일,47.01,,
09년04월02일,48.24,,
09년04월03일,50.75,,
09년04월06일,52.58,,
09년04월07일,51.2,,
09년04월08일,49.17,,
09년04월09일,51.99,,
09년04월13일,52.15,,
09년04월14일,51.02,,
09년04월15일,51.46,,
09년04월16일,51.61,,
09년04월17일,51.16,,
09년04월20일,50.98,,
09년04월21일,48.58,,
09년04월22일,48.61,,
09년04월23일,48.25,,
09년04월24일,48.94,,
09년04월27일,48.72,,
09년04월28일,48.02,,
09년04월29일,49.2,,
09년04월30일,50.06,,
09년05월01일,,,
09년05월04일,52.62,,
09년05월05일,53.32,,
09년05월06일,53.97,,
09년05월07일,56.86,,
09년05월08일,56.76,,
09년05월11일,56.75,,
09년05월12일,57.37,,
09년05월13일,58.09,,
09년05월14일,56.52,,
09년05월15일,57.87,,
09년05월18일,58.09,,
09년05월19일,58.7,,
09년05월20일,58.59,,
09년05월21일,59.23,,
09년05월22일,59.51,,
09년05월25일,59.15,,
09년05월26일,58.28,,
09년05월27일,61.05,,
09년05월28일,61.23,,
09년05월29일,63.86,,
09년06월01일,66.28,,
09년06월02일,66.46,,
09년06월03일,67.72,,
09년06월04일,66.83,,
09년06월05일,69.08,,
09년06월08일,67.32,,
09년06월09일,69.24,,
09년06월10일,70.95,,
09년06월11일,71.19,,
09년06월12일,71.48,,
09년06월15일,70.73,,
09년06월16일,70.1,,
09년06월17일,70.18,,
09년06월18일,71.01,,
09년06월19일,71.36,,
09년06월22일,69.33,,
09년06월23일,66.58,,
09년06월24일,68.86,,
09년06월25일,69.07,,
09년06월26일,70.8,,
09년06월29일,69.39,,
09년06월30일,71.85,,
09년07월01일,69.91,,
09년07월02일,67.98,,
09년07월03일,66.72,,
09년07월06일,64.26,,
09년07월07일,64,,
09년07월08일,62.48,,
09년07월09일,61.74,,
09년07월10일,60.78,,
09년07월13일,60.5,,
09년07월14일,62.08,,
09년07월15일,62.03,,
09년07월16일,63.16,,
09년07월17일,63.19,,
09년07월20일,65.31,,
09년07월21일,64.9,,
09년07월22일,64.65,,
09년07월23일,65.75,,
09년07월24일,67.89,,
09년07월27일,68.98,,
09년07월28일,68.79,,
09년07월29일,66.63,,
09년07월30일,64.71,,
09년07월31일,67.78,,
09년08월03일,71.36,,
09년08월04일,71.21,,
09년08월05일,72.38,,
09년08월06일,73.17,,
09년08월07일,71.72,,
09년08월10일,,,
09년08월11일,71.82,,
09년08월12일,70.82,,
09년08월13일,72.24,,
09년08월14일,72.6,,
09년08월17일,68.49,,
09년08월18일,69.3,,
09년08월19일,70.08,,
09년08월20일,72.73,,
09년08월21일,71.77,,
09년08월24일,72.67,,
09년08월25일,72.09,,
09년08월26일,70.88,,
09년08월27일,70.11,,
09년08월28일,71.5,,
09년08월31일,70.36,,
09년09월01일,69.19,,
09년09월02일,67.09,,
09년09월03일,67.76,,
09년09월04일,66.98,,
09년09월07일,66.92,,
09년09월08일,67.3,,
09년09월09일,69.13,,
09년09월10일,69.96,,
09년09월11일,69.21,,
09년09월14일,67.05,,
09년09월15일,67.2,,
09년09월16일,68.77,,
09년09월17일,70.62,,
09년09월18일,69.93,,
09년09월21일,,,
09년09월22일,68.66,,
09년09월23일,69.61,,
09년09월24일,66.58,,
09년09월25일,64.74,,
09년09월28일,64.02,,
09년09월29일,64.98,,
09년09월30일,65.33,,
09년10월01일,68.27,,
09년10월02일,68.08,,
09년10월05일,67.68,,
09년10월06일,68.48,,
09년10월07일,68.72,,
09년10월08일,67.67,,
09년10월09일,69.07,,
09년10월12일,70.3,,
09년10월13일,71.58,,
09년10월14일,72.56,,
09년10월15일,73.4,,
09년10월16일,75.3,,
09년10월19일,76.03,,
09년10월20일,76.38,,
09년10월21일,75.8,,
09년10월22일,77.8,,
09년10월23일,78.52,,
09년10월26일,77.85,,
09년10월27일,76.76,,
09년10월28일,76.88,,
09년10월29일,75.52,,
09년10월30일,77.09,,
09년11월02일,75.51,,
09년11월03일,76.17,,
09년11월04일,78.21,,
09년11월05일,78.45,,
09년11월06일,78.74,,
09년11월09일,77.27,,
09년11월10일,77.37,,
09년11월11일,78.1,,
09년11월12일,78.4,,
09년11월13일,77.19,,
09년11월16일,77.34,,
09년11월17일,78.29,,
09년11월18일,79.02,,
09년11월19일,78.7,,
09년11월20일,77.59,,
09년11월23일,78.02,,
09년11월24일,77.16,,
09년11월25일,76.96,,
09년11월26일,77.59,,
09년11월27일,,,
09년11월30일,77.71,,
09년12월01일,79.34,,
09년12월02일,79.7,,
09년12월03일,79.39,,
09년12월04일,78.38,,
09년12월07일,78.18,,
09년12월08일,77.4,,
09년12월09일,76.58,,
09년12월10일,73.74,,
09년12월11일,73.15,,
09년12월14일,72.31,,
09년12월15일,72.17,,
09년12월16일,73.19,,
09년12월17일,73.26,,
09년12월18일,72.98,,
09년12월21일,73.06,,
09년12월22일,72.33,,
09년12월23일,72.91,,
09년12월24일,75.26,,
09년12월28일,75.53,,
09년12월29일,76.95,,
09년12월30일,77.44,,
09년12월31일,78.04,,
10년01월04일,78.27,,
10년01월05일,79.83,,
10년01월06일,79.92,,
10년01월07일,80.76,,
10년01월08일,80.34,,
10년01월11일,81.35,,
10년01월12일,80.04,,
10년01월13일,77.94,,
10년01월14일,78.45,,
10년01월15일,77.55,,
10년01월18일,76.45,,
10년01월19일,76.17,,
10년01월20일,76.5,,
10년01월21일,75.96,,
10년01월22일,74.45,,
10년01월25일,72.32,,
10년01월26일,72.34,,
10년01월27일,72.38,,
10년01월28일,72.3,,
10년01월29일,71.59,,
10년02월01일,71.28,,
10년02월02일,72.91,,
10년02월03일,76,,
10년02월04일,74.78,,
10년02월05일,70.62,,
10년02월08일,69.46,,
10년02월09일,70.06,,
10년02월10일,71.39,,
10년02월11일,72.31,,
10년02월12일,72.81,,
10년02월15일,,,
10년02월16일,,,
10년02월17일,75.07,,
10년02월18일,74.03,,
10년02월19일,74.99,,
10년02월22일,76.65,,
10년02월23일,76.66,,
10년02월24일,75.41,,
10년02월25일,76,,
10년02월26일,74.29,,
10년03월01일,76.5,,
10년03월02일,75.16,,
10년03월03일,76.09,,
10년03월04일,76.6,,
10년03월05일,77.05,,
10년03월08일,78.18,,
10년03월09일,77.65,,
10년03월10일,77.52,,
10년03월11일,77.87,,
10년03월12일,78.31,,
10년03월15일,77.35,,
10년03월16일,75.81,,
10년03월17일,77.95,,
10년03월18일,77.67,,
10년03월19일,78.09,,
10년03월22일,76.65,,
10년03월23일,77.47,,
10년03월24일,77.45,,
10년03월25일,77.27,,
10년03월26일,77.67,,
10년03월29일,77.35,,
10년03월30일,78.56,,
10년03월31일,78.71,,
10년04월01일,80.14,,
10년04월05일,82.3,,
10년04월06일,83.2,,
10년04월07일,83.63,,
10년04월08일,83.55,,
10년04월09일,83.7,,
10년04월12일,83.57,,
10년04월13일,82.98,,
10년04월14일,83.48,,
10년04월15일,84.41,,
10년04월16일,84.86,,
10년04월19일,82.47,,
10년04월20일,83.16,,
10년04월21일,83.46,,
10년04월22일,84.06,,
10년04월23일,83.74,,
10년04월26일,85.4,,
10년04월27일,84.67,,
10년04월28일,83.38,,
10년04월29일,84.6,,
10년04월30일,85.78,,
10년05월03일,86.13,,
10년05월04일,87.4,,
10년05월05일,83.98,,
10년05월06일,81.38,,
10년05월07일,79.24,,
10년05월10일,80.76,,
10년05월11일,79.28,,
10년05월12일,80.97,,
10년05월13일,81.35,,
10년05월14일,79.23,,
10년05월17일,75.89,,
10년05월18일,75.22,,
10년05월19일,72.28,,
10년05월20일,72.22,,
10년05월21일,69.7,,
10년05월24일,70.22,,
10년05월25일,68.28,,
10년05월26일,69.19,,
10년05월27일,70.85,,
10년05월28일,,,
10년05월31일,73.32,,
10년06월01일,72.11,,
10년06월02일,71.85,,
10년06월03일,74.45,,
10년06월04일,75.08,,
10년06월07일,70.86,,
10년06월08일,71.78,,
10년06월09일,71.55,,
10년06월10일,72.91,,
10년06월11일,74.03,,
10년06월14일,74.64,,
10년06월15일,73.84,,
10년06월16일,74.89,,
10년06월17일,76.2,,
10년06월18일,76.11,,
10년06월21일,77,,
10년06월22일,75.76,,
10년06월23일,75.76,,
10년06월24일,73.77,,
10년06월25일,73.9,,
10년06월28일,75.7,,
10년06월29일,73.7,,
10년06월30일,73.14,,
10년07월01일,71.85,,
10년07월02일,70.52,,
10년07월05일,69.88,,
10년07월06일,70.06,,
10년07월07일,69.29,,
10년07월08일,72.08,,
10년07월09일,73.21,,
10년07월12일,72.68,,
10년07월13일,71.69,,
10년07월14일,74.15,,
10년07월15일,73.63,,
10년07월16일,73.41,,
10년07월19일,72.68,,
10년07월20일,73.16,,
10년07월21일,73.66,,
10년07월22일,72.43,,
10년07월23일,74.58,,
10년07월26일,73.68,,
10년07월27일,74.36,,
10년07월28일,73.18,,
10년07월29일,73.4,,
10년07월30일,73.75,,
10년08월02일,76.01,,
10년08월03일,77.22,,
10년08월04일,78.22,,
10년08월05일,78.59,,
10년08월06일,78.43,,
10년08월09일,,,
10년08월10일,77.13,,
10년08월11일,76.22,,
10년08월12일,74.28,,
10년08월13일,73.14,,
10년08월16일,72.5,,
10년08월17일,73.04,,
10년08월18일,73.58,,
10년08월19일,74.03,,
10년08월20일,72.68,,
10년08월23일,71.65,,
10년08월24일,70.62,,
10년08월25일,70.58,,
10년08월26일,71.43,,
10년08월27일,72.08,,
10년08월30일,73.43,,
10년08월31일,72.76,,
10년09월01일,72.89,,
10년09월02일,73.81,,
10년09월03일,74.25,,
10년09월06일,74.36,,
10년09월07일,73.74,,
10년09월08일,74.58,,
10년09월09일,75.33,,
10년09월10일,,,
10년09월13일,75.42,,
10년09월14일,75.89,,
10년09월15일,75.91,,
10년09월16일,76.25,,
10년09월17일,76.26,,
10년09월20일,75.43,,
10년09월21일,76.37,,
10년09월22일,75.38,,
10년09월23일,74.8,,
10년09월24일,75.07,,
10년09월27일,75.83,,
10년09월28일,74.67,,
10년09월29일,75.79,,
10년09월30일,77.24,,
10년10월01일,79.7,,
10년10월04일,80.09,,
10년10월05일,80.15,,
10년10월06일,81.58,,
10년10월07일,82,,
10년10월08일,79.58,,
10년10월11일,80.92,,
10년10월12일,79.79,,
10년10월13일,81.21,,
10년10월14일,81.58,,
10년10월15일,80.72,,
10년10월18일,78.65,,
10년10월19일,80.77,,
10년10월20일,78.95,,
10년10월21일,80.39,,
10년10월22일,79.06,,
10년10월25일,80.96,,
10년10월26일,79.96,,
10년10월27일,79.83,,
10년10월28일,80.23,,
10년10월29일,79.86,,
10년11월01일,80.53,,
10년11월02일,82.24,,
10년11월03일,82.9,,
10년11월04일,84.7,,
10년11월05일,,,
10년11월08일,85.04,,
10년11월09일,85.41,,
10년11월10일,85.71,,
10년11월11일,86.57,,
10년11월12일,84.6,,
10년11월15일,84.43,,
10년11월16일,83.88,,
10년11월17일,,,
10년11월18일,81.98,,
10년11월19일,82.94,,
10년11월22일,83.03,,
10년11월23일,81.34,,
10년11월24일,81.31,,
10년11월25일,83.3,,
10년11월26일,83.23,,
10년11월29일,83.99,,
10년11월30일,84.53,,
10년12월01일,84.07,,
10년12월02일,86.16,,
10년12월03일,87,,
10년12월06일,88.52,,
10년12월07일,88.27,,
10년12월08일,87.37,,
10년12월09일,88.8,,
10년12월10일,88.66,,
10년12월13일,88.74,,
10년12월14일,88.89,,
10년12월15일,88.26,,
10년12월16일,89.6,,
10년12월17일,89.58,,
10년12월20일,89.34,,
10년12월21일,90.62,,
10년12월22일,90.63,,
10년12월23일,90.39,,
10년12월24일,91.58,,
10년12월27일,,,
10년12월28일,90.62,,
10년12월29일,90.56,,
10년12월30일,90.35,,
10년12월31일,88.8,,
11년01월03일,,,
11년01월04일,91.59,,
11년01월05일,89.7,,
11년01월06일,92,,
11년01월07일,90.35,,
11년01월10일,90.32,,
11년01월11일,91.82,,
11년01월12일,94.23,,
11년01월13일,93.85,,
11년01월14일,93.23,,
11년01월17일,93.01,,
11년01월18일,93.29,,
11년01월19일,93.46,,
11년01월20일,93.17,,
11년01월21일,92.53,,
11년01월24일,93.21,,
11년01월25일,92.01,,
11년01월26일,91.9,,
11년01월27일,93.33,,
11년01월28일,93.44,,
11년01월31일,94.57,,
11년02월01일,95.71,,
11년02월02일,97.11,,
11년02월03일,,,
11년02월04일,,,
11년02월07일,96.06,,
11년02월08일,96.07,,
11년02월09일,96.83,,
11년02월10일,97.92,,
11년02월11일,97.94,,
11년02월14일,97.23,,
11년02월15일,99.29,,
11년02월16일,98.03,,
11년02월17일,99.56,,
11년02월18일,98.96,,
11년02월21일,100.36,,
11년02월22일,103.72,,
11년02월23일,104.33,,
11년02월24일,110.77,,
11년02월25일,107,,
11년02월28일,107.41,,
11년03월01일,106.44,,
11년03월02일,109.04,,
11년03월03일,109.82,,
11년03월04일,110.65,,
11년03월07일,111.18,,
11년03월08일,109.09,,
11년03월09일,108.45,,
11년03월10일,110.55,,
11년03월11일,108.3,,
11년03월14일,105.97,,
11년03월15일,105.82,,
11년03월16일,104.19,,
11년03월17일,106.1,,
11년03월18일,110.11,,
11년03월21일,108.75,,
11년03월22일,108.44,,
11년03월23일,109.65,,
11년03월24일,109.42,,
11년03월25일,109.41,,
11년03월28일,108.66,,
11년03월29일,107.92,,
11년03월30일,108.72,,
11년03월31일,109.4,,
11년04월01일,111.08,,
11년04월04일,112.7,,
11년04월05일,113.54,,
11년04월06일,115.05,,
11년04월07일,115.22,,
11년04월08일,116.86,,
11년04월11일,118.32,,
11년04월12일,116.22,,
11년04월13일,113.55,,
11년04월14일,115.71,,
11년04월15일,114.82,,
11년04월18일,115.88,,
11년04월19일,113.7,,
11년04월20일,115.6,,
11년04월21일,117.31,,
11년04월25일,117.57,,
11년04월26일,117.04,,
11년04월27일,117.4,,
11년04월28일,119.23,,
11년04월29일,118.35,,
11년05월02일,,,
11년05월03일,117.9,,
11년05월04일,114.44,,
11년05월05일,114.4,,
11년05월06일,100.48,,
11년05월09일,105.7,,
11년05월10일,109.25,,
11년05월11일,110.92,,
11년05월12일,105.11,,
11년05월13일,107.74,,
11년05월16일,106.09,,
11년05월17일,,,
11년05월18일,105.44,,
11년05월19일,106.44,,
11년05월20일,106.21,,
11년05월23일,104.01,,
11년05월24일,105.49,,
11년05월25일,105.48,,
11년05월26일,108.65,,
11년05월27일,109.16,,
11년05월30일,108.16,,
11년05월31일,109.66,,
11년06월01일,110.13,,
11년06월02일,107.83,,
11년06월03일,108.21,,
11년06월06일,108.15,,
11년06월07일,108.22,,
11년06월08일,109.41,,
11년06월09일,111.18,,
11년06월10일,112.04,,
11년06월13일,111.41,,
11년06월14일,111.49,,
11년06월15일,111.8,,
11년06월16일,108.25,,
11년06월17일,105.43,,
11년06월20일,105.89,,
11년06월21일,106.87,,
11년06월22일,105.6,,
11년06월23일,106.14,,
11년06월24일,101.54,,
11년06월27일,101.07,,
11년06월28일,102.95,,
11년06월29일,104.74,,
11년06월30일,106.75,,
11년07월01일,105.57,,
11년07월04일,106.15,,
11년07월05일,105.1,,
11년07월06일,106.52,,
11년07월07일,108.47,,
11년07월08일,111.89,,
11년07월11일,110.32,,
11년07월12일,109.01,,
11년07월13일,111.55,,
11년07월14일,110.82,,
11년07월15일,109.8,,
11년07월18일,110.89,,
11년07월19일,111.07,,
11년07월20일,112.1,,
11년07월21일,111.5,,
11년07월22일,112.34,,
11년07월25일,112.09,,
11년07월26일,112.31,,
11년07월27일,112.27,,
11년07월28일,112.28,,
11년07월29일,111.1,,
11년08월01일,113.21,,
11년08월02일,109.98,,
11년08월03일,109.59,,
11년08월04일,107.23,,
11년08월05일,101.05,,
11년08월08일,101.76,,
11년08월09일,,,
11년08월10일,100.03,,
11년08월11일,102.11,,
11년08월12일,102.28,,
11년08월15일,103.12,,
11년08월16일,103.42,,
11년08월17일,104.79,,
11년08월18일,105.04,,
11년08월19일,100.98,,
11년08월22일,101.96,,
11년08월23일,104.58,,
11년08월24일,104.73,,
11년08월25일,106.54,,
11년08월26일,105.98,,
11년08월29일,106.85,,
11년08월30일,,,
11년08월31일,109.73,,
11년09월01일,109.34,,
11년09월02일,108.93,,
11년09월05일,106.77,,
11년09월06일,105.83,,
11년09월07일,108.73,,
11년09월08일,110.08,,
11년09월09일,109.15,,
11년09월12일,105.24,,
11년09월13일,106.32,,
11년09월14일,105.68,,
11년09월15일,105.4,,
11년09월16일,108.2,,
11년09월19일,107.83,,
11년09월20일,106.1,,
11년09월21일,107.11,,
11년09월22일,104.38,,
11년09월23일,103.18,,
11년09월26일,99.74,,
11년09월27일,102.61,,
11년09월28일,103.49,,
11년09월29일,101.68,,
11년09월30일,100.61,,
11년10월03일,97.41,,
11년10월04일,96.76,,
11년10월05일,97.08,,
11년10월06일,98.67,,
11년10월07일,100.35,,
11년10월10일,101.31,,
11년10월11일,102.23,,
11년10월12일,104.71,,
11년10월13일,103.94,,
11년10월14일,105.25,,
11년10월17일,107.37,,
11년10월18일,105.22,,
11년10월19일,105.53,,
11년10월20일,105.38,,
11년10월21일,105.56,,
11년10월24일,107.08,,
11년10월25일,106.98,,
11년10월26일,,,
11년10월27일,106.97,,
11년10월28일,107.13,,
11년10월31일,105.8,,
11년11월01일,103.65,,
11년11월02일,106.24,,
11년11월03일,104.31,,
11년11월04일,107,,
11년11월07일,,,
11년11월08일,111.26,,
11년11월09일,110.52,,
11년11월10일,108.48,,
11년11월11일,110.32,,
11년11월14일,110.7,,
11년11월15일,109.53,,
11년11월16일,110.59,,
11년11월17일,109.72,,
11년11월18일,107.67,,
11년11월21일,106.21,,
11년11월22일,106.67,,
11년11월23일,107.39,,
11년11월24일,106.8,,
11년11월25일,106.32,,
11년11월28일,107.18,,
11년11월29일,107.35,,
11년11월30일,108.26,,
11년12월01일,107.39,,
11년12월02일,107.56,,
11년12월05일,108.8,,
11년12월06일,107.31,,
11년12월07일,108.86,,
11년12월08일,107.97,,
11년12월09일,105.62,,
11년12월12일,105.87,,
11년12월13일,105.51,,
11년12월14일,106.57,,
11년12월15일,102.99,,
11년12월16일,101.98,,
11년12월19일,100.96,,
11년12월20일,102.25,,
11년12월21일,104.71,,
11년12월22일,105.27,,
11년12월23일,105.48,,
11년12월27일,105.33,,
11년12월28일,105.77,,
11년12월29일,104.61,,
11년12월30일,104.89,,
12년01월03일,105.91,,
12년01월04일,108.49,,
12년01월05일,110.23,,
12년01월06일,109.92,,
12년01월09일,110.5,,
12년01월10일,110.39,,
12년01월11일,110.95,,
12년01월12일,110.69,,
12년01월13일,109.84,,
12년01월16일,109.46,,
12년01월17일,110.29,,
12년01월18일,109.61,,
12년01월19일,109.47,,
12년01월20일,109.5,,
12년01월23일,,,
12년01월24일,,,
12년01월25일,108.29,,
12년01월26일,108.78,,
12년01월27일,109.14,,
12년01월30일,109.75,,
12년01월31일,109.59,,
12년02월01일,109.14,,
12년02월02일,109.67,,
12년02월03일,109.9,,
12년02월06일,111.7,,
12년02월07일,113.25,,
12년02월08일,113.85,,
12년02월09일,114.53,,
12년02월10일,115.22,,
12년02월13일,115.91,,
12년02월14일,115.25,,
12년02월15일,116.43,,
12년02월16일,116.23,,
12년02월17일,117.45,,
12년02월20일,117.98,,
12년02월21일,117.69,,
12년02월22일,119.42,,
12년02월23일,120.22,,
12년02월24일,121.57,,
12년02월27일,122.56,,
12년02월28일,121.81,,
12년02월29일,120.02,,
12년03월01일,119.64,,
12년03월02일,122.25,,
12년03월05일,121.09,,
12년03월06일,121.65,,
12년03월07일,120.75,,
12년03월08일,123.29,,
12년03월09일,123.62,,
12년03월12일,123.67,,
12년03월13일,124.21,,
12년03월14일,124.22,,
12년03월15일,123.64,,
12년03월16일,122.23,,
12년03월19일,123.94,,
12년03월20일,123.17,,
12년03월21일,123.09,,
12년03월22일,121.99,,
12년03월23일,122.18,,
12년03월26일,122.91,,
12년03월27일,123.16,,
12년03월28일,122.07,,
12년03월29일,121.57,,
12년03월30일,120.38,,
12년04월02일,119.97,,
12년04월03일,121.97,,
12년04월04일,122,,
12년04월05일,120.74,,
12년04월09일,119.69,,
12년04월10일,119.17,,
12년04월11일,116.77,,
12년04월12일,117.56,,
12년04월13일,118.38,,
12년04월16일,116.23,,
12년04월17일,115.18,,
12년04월18일,115.58,,
12년04월19일,115.4,,
12년04월20일,115.45,,
12년04월23일,114.57,,
12년04월24일,114.41,,
12년04월25일,115.18,,
12년04월26일,115.82,,
12년04월27일,116.32,,
12년04월30일,116.38,,
12년05월01일,,,
12년05월02일,116.59,,
12년05월03일,115.55,,
12년05월04일,112.92,,
12년05월07일,109.24,,
12년05월08일,108.97,,
12년05월09일,108.93,,
12년05월10일,109.38,,
12년05월11일,108.41,,
12년05월14일,107.94,,
12년05월15일,108.63,,
12년05월16일,107.76,,
12년05월17일,107.16,,
12년05월18일,104.48,,
12년05월21일,105.13,,
12년05월22일,105.5,,
12년05월23일,103.69,,
12년05월24일,102.24,,
12년05월25일,103.84,,
12년05월28일,104.71,,
12년05월29일,105.01,,
12년05월30일,103.39,,
12년05월31일,101.59,,
12년06월01일,98.43,,
12년06월04일,95.16,,
12년06월05일,95.99,,
12년06월06일,97.14,,
12년06월07일,97.49,,
12년06월08일,96.51,,
12년06월11일,98.66,,
12년06월12일,95.41,,
12년06월13일,93.84,,
12년06월14일,95.59,,
12년06월15일,96.66,,
12년06월18일,96.47,,
12년06월19일,93.85,,
12년06월20일,94.27,,
12년06월21일,90.67,,
12년06월22일,89.15,,
12년06월25일,89.81,,
12년06월26일,91.01,,
12년06월27일,91.24,,
12년06월28일,91.77,,
12년06월29일,92.89,,
12년07월02일,93.72,,
12년07월03일,95.29,,
12년07월04일,97.17,,
12년07월05일,97.96,,
12년07월06일,97.59,,
12년07월09일,96.76,,
12년07월10일,96.41,,
12년07월11일,96.44,,
12년07월12일,97.04,,
12년07월13일,97.68,,
12년07월16일,98.84,,
12년07월17일,100.86,,
12년07월18일,100.89,,
12년07월19일,102.71,,
12년07월20일,103.39,,
12년07월23일,99.62,,
12년07월24일,100.39,,
12년07월25일,100.28,,
12년07월26일,100.49,,
12년07월27일,102.06,,
12년07월30일,102.38,,
12년07월31일,101.9,,
12년08월01일,101.04,,
12년08월02일,101.73,,
12년08월03일,102.45,,
12년08월06일,104.54,,
12년08월07일,106.01,,
12년08월08일,106.87,,
12년08월09일,,,
12년08월10일,108.22,,
12년08월13일,108.63,,
12년08월14일,109.32,,
12년08월15일,109.29,,
12년08월16일,111.23,,
12년08월17일,111.03,,
12년08월20일,,,
12년08월21일,111.61,,
12년08월22일,111.59,,
12년08월23일,113.21,,
12년08월24일,111.54,,
12년08월27일,111.82,,
12년08월28일,110.02,,
12년08월29일,109.49,,
12년08월30일,110.24,,
12년08월31일,110.33,,
12년09월03일,111.79,,
12년09월04일,113.29,,
12년09월05일,111.64,,
12년09월06일,112.09,,
12년09월07일,111.84,,
12년09월10일,112.89,,
12년09월11일,113.11,,
12년09월12일,113.93,,
12년09월13일,113.69,,
12년09월14일,115.41,,
12년09월17일,114.76,,
12년09월18일,111.76,,
12년09월19일,110.79,,
12년09월20일,105.64,,
12년09월21일,108.18,,
12년09월24일,108.17,,
12년09월25일,108.61,,
12년09월26일,107.64,,
12년09월27일,108.09,,
12년09월28일,110.56,,
12년10월01일,109.35,,
12년10월02일,109.59,,
12년10월03일,108.28,,
12년10월04일,106.33,,
12년10월05일,109.1,,
12년10월08일,107.73,,
12년10월09일,108.98,,
12년10월10일,110.57,,
12년10월11일,111.16,,
12년10월12일,111.3,,
12년10월15일,110.78,,
12년10월16일,111.61,,
12년10월17일,112.03,,
12년10월18일,111.4,,
12년10월19일,110.21,,
12년10월22일,108.18,,
12년10월23일,107.11,,
12년10월24일,106.6,,
12년10월25일,106.76,,
12년10월26일,,,
12년10월29일,106.42,,
12년10월30일,106.85,,
12년10월31일,106.91,,
12년11월01일,106.81,,
12년11월02일,106.03,,
12년11월05일,103.41,,
12년11월06일,105.13,,
12년11월07일,108.29,,
12년11월08일,104.75,,
12년11월09일,104.81,,
12년11월12일,106.43,,
12년11월13일,,,
12년11월14일,105.89,,
12년11월15일,107.32,,
12년11월16일,107.23,,
12년11월19일,108.41,,
12년11월20일,109.51,,
12년11월21일,108.54,,
12년11월22일,108.74,,
12년11월23일,108.73,,
12년11월26일,109.41,,
12년11월27일,109.06,,
12년11월28일,108.22,,
12년11월29일,107.24,,
12년11월30일,108.98,,
12년12월03일,108.44,,
12년12월04일,107.89,,
12년12월05일,107.47,,
12년12월06일,106.06,,
12년12월07일,104.68,,
12년12월10일,104.59,,
12년12월11일,104.24,,
12년12월12일,104.85,,
12년12월13일,105.66,,
12년12월14일,105.1,,
12년12월17일,105.86,,
12년12월18일,105.78,,
12년12월19일,106.31,,
12년12월20일,106.58,,
12년12월21일,106.78,,
12년12월24일,106.06,,
12년12월26일,106.8,,
12년12월27일,108.08,,
12년12월28일,107.99,,
12년12월31일,107.81,,
13년01월02일,107.61,,
13년01월03일,107.72,,
13년01월04일,107.46,,
13년01월07일,106.66,,
13년01월08일,107.29,,
13년01월09일,108,,
13년01월10일,108.09,,
13년01월11일,,,
13년01월14일,106.93,,
13년01월15일,107.44,,
13년01월16일,106.59,,
13년01월17일,106.47,,
13년01월18일,107.01,,
13년01월21일,107.95,,
13년01월22일,107.86,,
13년01월23일,108.09,,
13년01월24일,108.28,,
13년01월25일,109.13,,
13년01월28일,108.86,,
13년01월29일,108.68,,
13년01월30일,109.62,,
13년01월31일,110.8,,
13년02월01일,110.46,,
13년02월04일,111.67,,
13년02월05일,110.58,,
13년02월06일,111.6,,
13년02월07일,112.36,,
13년02월08일,112.64,,
13년02월11일,,,
13년02월12일,,,
13년02월13일,113.62,,
13년02월14일,113.28,,
13년02월15일,113.1,,
13년02월18일,113.04,,
13년02월19일,111.99,,
13년02월20일,112.25,,
13년02월21일,109.79,,
13년02월22일,109.53,,
13년02월25일,109.83,,
13년02월26일,108.8,,
13년02월27일,108.42,,
13년02월28일,106.76,,
13년03월01일,105.63,,
13년03월04일,104.81,,
13년03월05일,105.66,,
13년03월06일,106.84,,
13년03월07일,106.21,,
13년03월08일,106.56,,
13년03월11일,106.44,,
13년03월12일,105.49,,
13년03월13일,105.48,,
13년03월14일,104.57,,
13년03월15일,105.07,,
13년03월18일,105.04,,
13년03월19일,105.86,,
13년03월20일,104.78,,
13년03월21일,105.09,,
13년03월22일,104.13,,
13년03월25일,105.06,,
13년03월26일,105.15,,
13년03월27일,106.23,,
13년03월28일,107.07,,
13년04월01일,107.21,,
13년04월02일,108.41,,
13년04월03일,107.96,,
13년04월04일,105.14,,
13년04월05일,104.19,,
13년04월08일,103.13,,
13년04월09일,103.06,,
13년04월10일,103.73,,
13년04월11일,103.04,,
13년04월12일,101.64,,
13년04월15일,99.28,,
13년04월16일,97.81,,
13년04월17일,98.1,,
13년04월18일,96.71,,
13년04월19일,98.09,,
13년04월22일,98.31,,
13년04월23일,98.16,,
13년04월24일,99.59,,
13년04월25일,100.18,,
13년04월26일,101.07,,
13년04월29일,101.11,,
13년04월30일,101.28,,
13년05월01일,,,
13년05월02일,97.87,,
13년05월03일,99.82,,
13년05월06일,101.96,,
13년05월07일,102.13,,
13년05월08일,101.69,,
13년05월09일,101.25,,
13년05월10일,101.43,,
13년05월13일,100.3,,
13년05월14일,100,,
13년05월15일,99.24,,
13년05월16일,100.08,,
13년05월17일,100.86,,
13년05월20일,101.56,,
13년05월21일,101.41,,
13년05월22일,100.39,,
13년05월23일,98.68,,
13년05월24일,,,
13년05월27일,99.43,,
13년05월28일,100.38,,
13년05월29일,100.64,,
13년05월30일,99.14,,
13년05월31일,98.8,,
13년06월03일,97.64,,
13년06월04일,98.81,,
13년06월05일,100.14,,
13년06월06일,100.02,,
13년06월07일,100.4,,
13년06월10일,100.6,,
13년06월11일,100.27,,
13년06월12일,99.92,,
13년06월13일,99.94,,
13년06월14일,102.14,,
13년06월17일,103.28,,
13년06월18일,102.14,,
13년06월19일,103.09,,
13년06월20일,101.27,,
13년06월21일,99.79,,
13년06월24일,97.34,,
13년06월25일,98.83,,
13년06월26일,98.62,,
13년06월27일,98.82,,
13년06월28일,100.38,,
13년07월01일,99.22,,
13년07월02일,99.67,,
13년07월03일,101.25,,
13년07월04일,101.67,,
13년07월05일,101.95,,
13년07월08일,103.14,,
13년07월09일,103.3,,
13년07월10일,103.74,,
13년07월11일,104.11,,
13년07월12일,103.47,,
13년07월15일,104.15,,
13년07월16일,104.33,,
13년07월17일,103.89,,
13년07월18일,104.94,,
13년07월19일,105.39,,
13년07월22일,105.34,,
13년07월23일,104.83,,
13년07월24일,104.94,,
13년07월25일,104.51,,
13년07월26일,104.52,,
13년07월29일,104.38,,
13년07월30일,104.68,,
13년07월31일,104.29,,
13년08월01일,104.89,,
13년08월02일,105.86,,
13년08월05일,105.28,,
13년08월06일,104.46,,
13년08월07일,103.79,,
13년08월08일,,,
13년08월09일,,,
13년08월12일,103.95,,
13년08월13일,105.71,,
13년08월14일,105.46,,
13년08월15일,106.99,,
13년08월16일,106.67,,
13년08월19일,107.4,,
13년08월20일,106.38,,
13년08월21일,106.72,,
13년08월22일,107.61,,
13년08월23일,107.76,,
13년08월26일,108.18,,
13년08월27일,107.76,,
13년08월28일,111.65,,
13년08월29일,112.99,,
13년08월30일,111.78,,
13년09월02일,109.1,,
13년09월03일,109.81,,
13년09월04일,110.52,,
13년09월05일,110.14,,
13년09월06일,110.31,,
13년09월09일,110.76,,
13년09월10일,109.18,,
13년09월11일,108.62,,
13년09월12일,109.19,,
13년09월13일,109.51,,
13년09월16일,109.26,,
13년09월17일,107.91,,
13년09월18일,106.69,,
13년09월19일,108.8,,
13년09월20일,107.48,,
13년09월23일,105.74,,
13년09월24일,104.71,,
13년09월25일,105.36,,
13년09월26일,104.85,,
13년09월27일,105.11,,
13년09월30일,103.58,,
13년10월01일,103.41,,
13년10월02일,103.54,,
13년10월03일,104.85,,
13년10월04일,104.99,,
13년10월07일,104.3,,
13년10월08일,105.56,,
13년10월09일,105.82,,
13년10월10일,105.88,,
13년10월11일,107.08,,
13년10월14일,107.56,,
13년10월15일,,,
13년10월16일,106.49,,
13년10월17일,106.74,,
13년10월18일,105.82,,
13년10월21일,105.3,,
13년10월22일,106.59,,
13년10월23일,106.15,,
13년10월24일,105.18,,
13년10월25일,104.47,,
13년10월28일,104.76,,
13년10월29일,105.93,,
13년10월30일,105.78,,
13년10월31일,106.5,,
13년11월01일,105.85,,
13년11월04일,103.99,,
13년11월05일,104.91,,
13년11월06일,104.62,,
13년11월07일,102.46,,
13년11월08일,102.43,,
13년11월11일,103.03,,
13년11월12일,103.46,,
13년11월13일,103.14,,
13년11월14일,104.47,,
13년11월15일,105.06,,
13년11월18일,106.09,,
13년11월19일,106.06,,
13년11월20일,105.14,,
13년11월21일,105.77,,
13년11월22일,107.44,,
13년11월25일,106.77,,
13년11월26일,108.56,,
13년11월27일,108.67,,
13년11월28일,108.78,,
13년11월29일,108.68,,
13년12월02일,107.34,,
13년12월03일,108.26,,
13년12월04일,108.95,,
13년12월05일,108.34,,
13년12월06일,108.17,,
13년12월09일,107.93,,
13년12월10일,106.53,,
13년12월11일,106.42,,
13년12월12일,106.94,,
13년12월13일,105.71,,
13년12월16일,106.13,,
13년12월17일,105.93,,
13년12월18일,105.65,,
13년12월19일,106.34,,
13년12월20일,107.09,,
13년12월23일,108.48,,
13년12월24일,108.47,,
13년12월26일,108.5,,
13년12월27일,108.86,,
13년12월30일,108.77,,
13년12월31일,107.88,,
14년01월02일,107.79,,
14년01월03일,105.22,,
14년01월06일,104.29,,
14년01월07일,104.11,,
14년01월08일,104.14,,
14년01월09일,104.06,,
14년01월10일,103.99,,
14년01월13일,103.51,,
14년01월14일,103.21,,
14년01월15일,102.61,,
14년01월16일,103.01,,
14년01월17일,102.81,,
14년01월20일,103.28,,
14년01월21일,103.73,,
14년01월22일,103.94,,
14년01월23일,104.63,,
14년01월24일,104.13,,
14년01월27일,104.29,,
14년01월28일,103.82,,
14년01월29일,103.78,,
14년01월30일,103.77,,
14년01월31일,,,
14년02월03일,102.26,,
14년02월04일,101.98,,
14년02월05일,102.19,,
14년02월06일,102.58,,
14년02월07일,103.35,,
14년02월10일,105.13,,
14년02월11일,104.98,,
14년02월12일,105.19,,
14년02월13일,104.81,,
14년02월14일,105.08,,
14년02월17일,106.25,,
14년02월18일,106.73,,
14년02월19일,106.84,,
14년02월20일,106.52,,
14년02월21일,106.57,,
14년02월24일,106.26,,
14년02월25일,106.34,,
14년02월26일,105.65,,
14년02월27일,105.55,,
14년02월28일,105.39,,
14년03월03일,107.25,,
14년03월04일,106.06,,
14년03월05일,105.34,,
14년03월06일,103.94,,
14년03월07일,104.31,,
14년03월10일,104.26,,
14년03월11일,104.21,,
14년03월12일,103.79,,
14년03월13일,104.14,,
14년03월14일,103.96,,
14년03월17일,104.66,,
14년03월18일,103.46,,
14년03월19일,103.4,,
14년03월20일,103.47,,
14년03월21일,104.2,,
14년03월24일,103.66,,
14년03월25일,104.01,,
14년03월26일,104.29,,
14년03월27일,104.04,,
14년03월28일,104.58,,
14년03월31일,104.44,,
14년04월01일,104.11,,
14년04월02일,102.44,,
14년04월03일,101.29,,
14년04월04일,103.04,,
14년04월07일,102.36,,
14년04월08일,103.16,,
14년04월09일,104.09,,
14년04월10일,104.56,,
14년04월11일,104.13,,
14년04월14일,105.16,,
14년04월15일,105.36,,
14년04월16일,106.4,,
14년04월17일,105.84,,
14년04월21일,105.76,,
14년04월22일,106.31,,
14년04월23일,105.87,,
14년04월24일,105.74,,
14년04월25일,106.38,,
14년04월28일,106.02,,
14년04월29일,104.78,,
14년04월30일,104.49,,
14년05월01일,,,
14년05월02일,104.39,,
14년05월05일,104.75,,
14년05월06일,103.91,,
14년05월07일,103.59,,
14년05월08일,104.09,,
14년05월09일,104.99,,
14년05월12일,104.46,,
14년05월13일,,,
14년05월14일,105.67,,
14년05월15일,105.78,,
14년05월16일,105.07,,
14년05월19일,106.56,,
14년05월20일,106.12,,
14년05월21일,106.59,,
14년05월22일,106.94,,
14년05월23일,106.84,,
14년05월26일,106.66,,
14년05월27일,106.81,,
14년05월28일,106.59,,
14년05월29일,106.33,,
14년05월30일,106.28,,
14년06월02일,105.6,,
14년06월03일,104.85,,
14년06월04일,105.31,,
14년06월05일,104.28,,
14년06월06일,105.31,,
14년06월09일,105.14,,
14년06월10일,105.16,,
14년06월11일,105.37,,
14년06월12일,106.96,,
14년06월13일,109.51,,
14년06월16일,109.27,,
14년06월17일,108.76,,
14년06월18일,109.94,,
14년06월19일,110.46,,
14년06월20일,110.74,,
14년06월23일,111.23,,
14년06월24일,109.76,,
14년06월25일,110.05,,
14년06월26일,109.89,,
14년06월27일,109.68,,
14년06월30일,109.29,,
14년07월01일,109.18,,
14년07월02일,109.16,,
14년07월03일,107.72,,
14년07월04일,107.95,,
14년07월07일,107.15,,
14년07월08일,106.94,,
14년07월09일,106.11,,
14년07월10일,105.67,,
14년07월11일,106.03,,
14년07월14일,104.76,,
14년07월15일,104.49,,
14년07월16일,105.06,,
14년07월17일,104.96,,
14년07월18일,105.71,,
14년07월21일,105.17,,
14년07월22일,105.53,,
14년07월23일,105.33,,
14년07월24일,105.79,,
14년07월25일,105.15,,
14년07월28일,,,
14년07월29일,105.84,,
14년07월30일,105.98,,
14년07월31일,105.23,,
14년08월01일,104.92,,
14년08월04일,103.15,,
14년08월05일,103.81,,
14년08월06일,102.87,,
14년08월07일,103,,
14년08월08일,103.85,,
14년08월11일,103.48,,
14년08월12일,103.25,,
14년08월13일,101.98,,
14년08월14일,103.02,,
14년08월15일,100.96,,
14년08월18일,102.12,,
14년08월19일,100.64,,
14년08월20일,100.45,,
14년08월21일,100.3,,
14년08월22일,100.52,,
14년08월25일,100.24,,
14년08월26일,100.49,,
14년08월27일,100.51,,
14년08월28일,100.68,,
14년08월29일,100.52,,
14년09월01일,100.94,,
14년09월02일,100.39,,
14년09월03일,97.74,,
14년09월04일,100.05,,
14년09월05일,99.03,,
14년09월08일,98.07,,
14년09월09일,97.56,,
14년09월10일,96.77,,
14년09월11일,95.81,,
14년09월12일,95.89,,
14년09월15일,95.19,,
14년09월16일,94.94,,
14년09월17일,96.46,,
14년09월18일,96.37,,
14년09월19일,95.42,,
14년09월22일,95.92,,
14년09월23일,94.92,,
14년09월24일,94.84,,
14년09월25일,94.92,,
14년09월26일,94.91,,
14년09월29일,94.9,,
14년09월30일,95.01,,
14년10월01일,93.52,,
14년10월02일,91.86,,
14년10월03일,91.12,,
14년10월06일,90.14,,
14년10월07일,90.88,,
14년10월08일,89.93,,
14년10월09일,89.23,,
14년10월10일,88.04,,
14년10월13일,88.25,,
14년10월14일,87.34,,
14년10월15일,84.23,,
14년10월16일,83.07,,
14년10월17일,83.85,,
14년10월20일,84.89,,
14년10월21일,84.33,,
14년10월22일,,,
14년10월23일,83.25,,
14년10월24일,84.63,,
14년10월27일,84.19,,
14년10월28일,83.98,,
14년10월29일,84.14,,
14년10월30일,84.82,,
14년10월31일,84.27,,
14년11월03일,84.04,,
14년11월04일,81.65,,
14년11월05일,79.77,,
14년11월06일,79.8,,
14년11월07일,79.67,,
14년11월10일,80.08,,
14년11월11일,79.16,,
14년11월12일,78.55,,
14년11월13일,77.56,,
14년11월14일,74.01,,
14년11월17일,75.14,,
14년11월18일,75.08,,
14년11월19일,74.46,,
14년11월20일,74.18,,
14년11월21일,75.9,,
14년11월24일,77.54,,
14년11월25일,77.11,,
14년11월26일,75.71,,
14년11월27일,73.33,,
14년11월28일,69.09,,
14년12월01일,66.49,,
14년12월02일,69.02,,
14년12월03일,67.07,,
14년12월04일,66.95,,
14년12월05일,66.24,,
14년12월08일,65.62,,
14년12월09일,63.2,,
14년12월10일,63.76,,
14년12월11일,61.57,,
14년12월12일,60.51,,
14년12월15일,59.56,,
14년12월16일,56.5,,
14년12월17일,55.56,,
14년12월18일,56.42,,
14년12월19일,55.7,,
14년12월22일,58.09,,
14년12월23일,56.2,,
14년12월24일,57.22,,
14년12월26일,56.32,,
14년12월29일,55.87,,
14년12월30일,53.62,,
14년12월31일,53.6,,
15년01월02일,53.27,,
15년01월05일,50.98,,
15년01월06일,48.08,,
15년01월07일,46.6,,
15년01월08일,47.5,,
15년01월09일,47.41,,
15년01월12일,45.67,,
15년01월13일,43.3,,
15년01월14일,42.55,,
15년01월15일,44.48,,
15년01월16일,43.92,,
15년01월19일,46.04,,
15년01월20일,44.82,,
15년01월21일,44.75,,
15년01월22일,44.65,,
15년01월23일,44.42,,
15년01월26일,44.15,,
15년01월27일,43.63,,
15년01월28일,44.83,,
15년01월29일,44.63,,
15년01월30일,45.59,,
15년02월02일,48.81,,
15년02월03일,52.62,,
15년02월04일,54.72,,
15년02월05일,51.41,,
15년02월06일,54.23,,
15년02월09일,55.37,,
15년02월10일,55.83,,
15년02월11일,54.91,,
15년02월12일,54.75,,
15년02월13일,57.7,,
15년02월16일,58.83,,
15년02월17일,58.89,,
15년02월18일,59.32,,
15년02월19일,,,
15년02월20일,,,
15년02월23일,57.29,,
15년02월24일,56.06,,
15년02월25일,55.84,,
15년02월26일,58.42,,
15년02월27일,57.39,,
15년03월02일,59.58,,
15년03월03일,57.15,,
15년03월04일,57.8,,
15년03월05일,57.35,,
15년03월06일,57.26,,
15년03월09일,56.58,,
15년03월10일,55.48,,
15년03월11일,53.5,,
15년03월12일,55.4,,
15년03월13일,54.96,,
15년03월16일,52.75,,
15년03월17일,51.64,,
15년03월18일,51.24,,
15년03월19일,53.4,,
15년03월20일,52.06,,
15년03월23일,52.87,,
15년03월24일,53.4,,
15년03월25일,52.69,,
15년03월26일,53.99,,
15년03월27일,56.37,,
15년03월30일,53.95,,
15년03월31일,53.84,,
15년04월01일,52.83,,
15년04월02일,54.63,,
15년04월06일,53.95,,
15년04월07일,55.01,,
15년04월08일,55.92,,
15년04월09일,53.31,,
15년04월10일,54.28,,
15년04월13일,56.58,,
15년04월14일,56.32,,
15년04월15일,56.82,,
15년04월16일,58.66,,
15년04월17일,59.21,,
15년04월20일,59.34,,
15년04월21일,59.25,,
15년04월22일,58.03,,
15년04월23일,58.6,,
15년04월24일,61.43,,
15년04월27일,62,,
15년04월28일,61.62,,
15년04월29일,61.65,,
15년04월30일,62.69,,
15년05월01일,,,
15년05월04일,63.03,,
15년05월05일,63.28,,
15년05월06일,64.79,,
15년05월07일,65.06,,
15년05월08일,62.96,,
15년05월11일,62.84,,
15년05월12일,62.4,,
15년05월13일,64.21,,
15년05월14일,63.61,,
15년05월15일,63.49,,
15년05월18일,63.58,,
15년05월19일,62.79,,
15년05월20일,61.75,,
15년05월21일,62.68,,
15년05월22일,64.03,,
15년05월25일,62.98,,
15년05월26일,63.07,,
15년05월27일,62.11,,
15년05월28일,60.64,,
15년05월29일,61.11,,
15년06월01일,,,
15년06월02일,62.49,,
15년06월03일,62.3,,
15년06월04일,60.71,,
15년06월05일,59.03,,
15년06월08일,60.23,,
15년06월09일,59.64,,
15년06월10일,62.66,,
15년06월11일,63.44,,
15년06월12일,62.42,,
15년06월15일,61.29,,
15년06월16일,60.46,,
15년06월17일,60.81,,
15년06월18일,60.98,,
15년06월19일,60.93,,
15년06월22일,59.82,,
15년06월23일,60.11,,
15년06월24일,61.09,,
15년06월25일,60.26,,
15년06월26일,60.01,,
15년06월29일,59.36,,
15년06월30일,59.56,,
15년07월01일,60.93,,
15년07월02일,59.51,,
15년07월03일,59.45,,
15년07월06일,57.93,,
15년07월07일,55.16,,
15년07월08일,54.98,,
15년07월09일,56.69,,
15년07월10일,58.19,,
15년07월13일,57.75,,
15년07월14일,56.25,,
15년07월15일,56.93,,
15년07월16일,55.75,,
15년07월17일,,,
15년07월20일,55.4,,
15년07월21일,54.68,,
15년07월22일,55.03,,
15년07월23일,54.22,,
15년07월24일,53.45,,
15년07월27일,52.87,,
15년07월28일,51.85,,
15년07월29일,51.86,,
15년07월30일,52.53,,
15년07월31일,52.07,,
15년08월03일,51.11,,
15년08월04일,50.13,,
15년08월05일,50.09,,
15년08월06일,49.71,,
15년08월07일,,,
15년08월10일,,,
15년08월11일,50.59,,
15년08월12일,49.37,,
15년08월13일,49.87,,
15년08월14일,49.43,,
15년08월17일,48.53,,
15년08월18일,48.22,,
15년08월19일,48.27,,
15년08월20일,46.73,,
15년08월21일,46.23,,
15년08월24일,44.4,,
15년08월25일,42.66,,
15년08월26일,42.94,,
15년08월27일,43.57,,
15년08월28일,46.84,,
15년08월31일,48.72,,
15년09월01일,49.98,,
15년09월02일,46.16,,
15년09월03일,47.01,,
15년09월04일,47.19,,
15년09월07일,46.6,,
15년09월08일,45.93,,
15년09월09일,47.55,,
15년09월10일,45.75,,
15년09월11일,,,
15년09월14일,45.47,,
15년09월15일,43.87,,
15년09월16일,44.08,,
15년09월17일,46.78,,
15년09월18일,45.99,,
15년09월21일,44.58,,
15년09월22일,45,,
15년09월23일,45.13,,
15년09월24일,,,
15년09월25일,44.98,,
15년09월28일,45.01,,
15년09월29일,43.95,,
15년09월30일,44.31,,
15년10월01일,45.92,,
15년10월02일,45.38,,
15년10월05일,45.91,,
15년10월06일,46.48,,
15년10월07일,48.97,,
15년10월08일,48.41,,
15년10월09일,49.99,,
15년10월12일,49.61,,
15년10월13일,47.08,,
15년10월14일,46.52,,
15년10월15일,46.44,,
15년10월16일,46.58,,
15년10월19일,46.22,,
15년10월20일,44.61,,
15년10월21일,44.43,,
15년10월22일,43.71,,
15년10월23일,43.9,,
15년10월26일,43.48,,
15년10월27일,43.01,,
15년10월28일,43.11,,
15년10월29일,44.45,,
15년10월30일,43.94,,
15년11월02일,44.55,,
15년11월03일,43.89,,
15년11월04일,45.45,,
15년11월05일,43.7,,
15년11월06일,43.16,,
15년11월09일,42.88,,
15년11월10일,,,
15년11월11일,42.59,,
15년11월12일,41.68,,
15년11월13일,40.77,,
15년11월16일,40.35,,
15년11월17일,40.39,,
15년11월18일,39.64,,
15년11월19일,40.13,,
15년11월20일,40.07,,
15년11월23일,39.57,,
15년11월24일,40.7,,
15년11월25일,41.4,,
15년11월26일,40.94,,
15년11월27일,40.37,,
15년11월30일,39.87,,
15년12월01일,39.8,,
15년12월02일,39.75,,
15년12월03일,38.29,,
15년12월04일,39.11,,
15년12월07일,38.35,,
15년12월08일,36.91,,
15년12월09일,36.49,,
15년12월10일,36.51,,
15년12월11일,36.2,,
15년12월14일,34.64,,
15년12월15일,33.82,,
15년12월16일,34.24,,
15년12월17일,32.86,,
15년12월18일,32.98,,
15년12월21일,31.98,,
15년12월22일,32,,
15년12월23일,31.82,,
15년12월24일,32.83,,
15년12월28일,32.61,,
15년12월29일,32.11,,
15년12월30일,32.74,,
15년12월31일,32.19,,
16년01월04일,32.54,,
16년01월05일,31.66,,
16년01월06일,30.76,,
16년01월07일,27.96,,
16년01월08일,29.11,,
16년01월11일,28.07,,
16년01월12일,26.44,,
16년01월13일,26.49,,
16년01월14일,26.04,,
16년01월15일,26.22,,
16년01월18일,24.65,,
16년01월19일,24.72,,
16년01월20일,23.36,,
16년01월21일,22.83,,
16년01월22일,23.88,,
16년01월25일,26.1,,
16년01월26일,24.84,,
16년01월27일,26.11,,
16년01월28일,27.08,,
16년01월29일,28.37,,
16년02월01일,29.01,,
16년02월02일,28.08,,
16년02월03일,27.52,,
16년02월04일,29.51,,
16년02월05일,29.22,,
16년02월08일,,,
16년02월09일,,,
16년02월10일,26.2,,
16년02월11일,26.08,,
16년02월12일,26.86,,
16년02월15일,29.22,,
16년02월16일,30.66,,
16년02월17일,28.31,,
16년02월18일,30.25,,
16년02월19일,30.07,,
16년02월22일,29.33,,
16년02월23일,29.69,,
16년02월24일,28.57,,
16년02월25일,29.46,,
16년02월26일,30.43,,
16년02월29일,29.99,,
16년03월01일,31.65,,
16년03월02일,31.95,,
16년03월03일,32.04,,
16년03월04일,32.17,,
16년03월07일,34.39,,
16년03월08일,35.56,,
16년03월09일,35.03,,
16년03월10일,36.25,,
16년03월11일,36.37,,
16년03월14일,35.69,,
16년03월15일,34.66,,
16년03월16일,34.8,,
16년03월17일,36.67,,
16년03월18일,37.42,,
16년03월21일,37.14,,
16년03월22일,37.43,,
16년03월23일,37.14,,
16년03월24일,36.04,,
16년03월28일,36.31,,
16년03월29일,36.17,,
16년03월30일,35.45,,
16년03월31일,35.05,,
16년04월01일,36.22,,
16년04월04일,34.84,,
16년04월05일,33.83,,
16년04월06일,34.69,,
16년04월07일,36.48,,
16년04월08일,36.71,,
16년04월11일,37.79,,
16년04월12일,38.67,,
16년04월13일,40.11,,
16년04월14일,39.66,,
16년04월15일,39.37,,
16년04월18일,37.73,,
16년04월19일,39.17,,
16년04월20일,39.03,,
16년04월21일,41.7,,
16년04월22일,41.01,,
16년04월25일,40.86,,
16년04월26일,40.83,,
16년04월27일,42.59,,
16년04월28일,43.22,,
16년04월29일,44.26,,
16년05월02일,,,
16년05월03일,43.03,,
16년05월04일,42.05,,
16년05월05일,42.45,,
16년05월06일,42.2,,
16년05월09일,42.84,,
16년05월10일,41.23,,
16년05월11일,42.18,,
16년05월12일,44.65,,
16년05월13일,44.39,,
16년05월16일,45.35,,
16년05월17일,45.68,,
16년05월18일,45.76,,
16년05월19일,44.75,,
16년05월20일,45.65,,
16년05월23일,44.87,,
16년05월24일,44.55,,
16년05월25일,45.27,,
16년05월26일,45.74,,
16년05월27일,45.31,,
16년05월30일,45.54,,
16년05월31일,45.9,,
16년06월01일,45.44,,
16년06월02일,46.17,,
16년06월03일,46.28,,
16년06월06일,45.91,,
16년06월07일,46.82,,
16년06월08일,47.99,,
16년06월09일,48.98,,
16년06월10일,48.23,,
16년06월13일,47.06,,
16년06월14일,46.3,,
16년06월15일,46.09,,
16년06월16일,44.93,,
16년06월17일,44.48,,
16년06월20일,46.53,,
16년06월21일,46.4,,
16년06월22일,47.12,,
16년06월23일,46.48,,
16년06월24일,45.47,,
16년06월27일,45.11,,
16년06월28일,44.55,,
16년06월29일,45.73,,
16년06월30일,46.46,,
16년07월01일,45.19,,
16년07월04일,46.97,,
16년07월05일,45.01,,
16년07월06일,,,
16년07월07일,44.99,,
16년07월08일,42.5,,
16년07월11일,41.97,,
16년07월12일,42.58,,
16년07월13일,43.41,,
16년07월14일,42.31,,
16년07월15일,42.59,,
16년07월18일,43.38,,
16년07월19일,42.21,,
16년07월20일,42.24,,
16년07월21일,42.73,,
16년07월22일,41.63,,
16년07월25일,41.38,,
16년07월26일,40.37,,
16년07월27일,40.59,,
16년07월28일,39.88,,
16년07월29일,38.64,,
16년08월01일,40.04,,
16년08월02일,38.85,,
16년08월03일,38.54,,
16년08월04일,39.99,,
16년08월05일,41.22,,
16년08월08일,41.59,,
16년08월09일,,,
16년08월10일,41.34,,
16년08월11일,40.49,,
16년08월12일,42.89,,
16년08월15일,44.43,,
16년08월16일,45.74,,
16년08월17일,45.85,,
16년08월18일,46.65,,
16년08월19일,47.26,,
16년08월22일,46.85,,
16년08월23일,45.38,,
16년08월24일,45.96,,
16년08월25일,45.59,,
16년08월26일,44.62,,
16년08월29일,45.82,,
16년08월30일,46.16,,
16년08월31일,44.79,,
16년09월01일,42.98,,
16년09월02일,41.71,,
16년09월05일,44.28,,
16년09월06일,43.4,,
16년09월07일,43.67,,
16년09월08일,44.83,,
16년09월09일,45.45,,
16년09월12일,,,
16년09월13일,43.69,,
16년09월14일,43.57,,
16년09월15일,42.04,,
16년09월16일,42.34,,
16년09월19일,42.43,,
16년09월20일,41.99,,
16년09월21일,43.08,,
16년09월22일,43.58,,
16년09월23일,43.39,,
16년09월26일,42.15,,
16년09월27일,43.13,,
16년09월28일,42.37,,
16년09월29일,44.65,,
16년09월30일,45.11,,
16년10월03일,47.87,,
16년10월04일,47.83,,
16년10월05일,48.83,,
16년10월06일,48.77,,
16년10월07일,50.07,,
16년10월10일,48.9,,
16년10월11일,50.01,,
16년10월12일,50.03,,
16년10월13일,49.07,,
16년10월14일,49.88,,
16년10월17일,49.12,,
16년10월18일,49.23,,
16년10월19일,49.67,,
16년10월20일,49.66,,
16년10월21일,48.82,,
16년10월24일,49.48,,
16년10월25일,49.2,,
16년10월26일,47.91,,
16년10월27일,48.16,,
16년10월28일,48.4,,
16년10월31일,47.44,,
16년11월01일,45.42,,
16년11월02일,44.08,,
16년11월03일,43.52,,
16년11월04일,42.84,,
16년11월07일,42.69,,
16년11월08일,42.87,,
16년11월09일,42.57,,
16년11월10일,43.67,,
16년11월11일,43.7,,
16년11월14일,41.95,,
16년11월15일,41.97,,
16년11월16일,43.45,,
16년11월17일,43.47,,
16년11월18일,42.8,,
16년11월21일,44.47,,
16년11월22일,46.08,,
16년11월23일,46.07,,
16년11월24일,45.67,,
16년11월25일,45.97,,
16년11월28일,43.76,,
16년11월29일,44.65,,
16년11월30일,44.12,,
16년12월01일,49.02,,
16년12월02일,50.39,,
16년12월05일,51.64,,
16년12월06일,51.65,,
16년12월07일,50.35,,
16년12월08일,50.3,,
16년12월09일,51.32,,
16년12월12일,54.18,,
16년12월13일,52.85,,
16년12월14일,52.69,,
16년12월15일,51.65,,
16년12월16일,51.69,,
16년12월19일,52.86,,
16년12월20일,52.09,,
16년12월21일,52.87,,
16년12월22일,51.78,,
16년12월23일,52.21,,
16년12월27일,52.72,,
16년12월28일,53.73,,
16년12월29일,53.9,,
16년12월30일,53.83,,
17년01월03일,54.65,,
17년01월04일,53.99,,
17년01월05일,54.28,,
17년01월06일,54.25,,
17년01월09일,54.35,,
17년01월10일,53.14,,
17년01월11일,52.22,,
17년01월12일,53.45,,
17년01월13일,54.3,,
17년01월16일,53.29,,
17년01월17일,53.88,,
17년01월18일,53.84,,
17년01월19일,53.03,,
17년01월20일,52.91,,
17년01월23일,53.52,,
17년01월24일,53.98,,
17년01월25일,53.47,,
17년01월26일,53.86,,
17년01월27일,54.49,,
17년01월30일,,,
17년01월31일,53.23,,
17년02월01일,53.22,,
17년02월02일,54.94,,
17년02월03일,55.45,,
17년02월06일,55.31,,
17년02월07일,54.17,,
17년02월08일,53.35,,
17년02월09일,53.79,,
17년02월10일,53.78,,
17년02월13일,54.76,,
17년02월14일,54.14,,
17년02월15일,54,,
17년02월16일,53.95,,
17년02월17일,54.06,,
17년02월20일,54.46,,
17년02월21일,54.64,,
17년02월22일,54.68,,
17년02월23일,54.75,,
17년02월24일,54.7,,
17년02월27일,55.18,,
17년02월28일,,,
17년03월01일,55.13,,
17년03월02일,54.85,,
17년03월03일,53.68,,
17년03월06일,53.85,,
17년03월07일,54.44,,
17년03월08일,54.02,,
17년03월09일,52.52,,
17년03월10일,51.16,,
17년03월13일,50.04,,
17년03월14일,49.82,,
17년03월15일,50.01,,
17년03월16일,50.64,,
17년03월17일,50.13,,
17년03월20일,50.05,,
17년03월21일,50.42,,
17년03월22일,49.02,,
17년03월23일,49.17,,
17년03월24일,48.97,,
17년03월27일,48.84,,
17년03월28일,49.23,,
17년03월29일,50.14,,
17년03월30일,50.71,,
17년03월31일,50.78,,
17년04월03일,51.67,,
17년04월04일,51.1,,
17년04월05일,52.99,,
17년04월06일,52.64,,
17년04월07일,53.94,,
17년04월10일,53.88,,
17년04월11일,54.33,,
17년04월12일,54.61,,
17년04월13일,54.16,,
17년04월17일,53.49,,
17년04월18일,53.12,,
17년04월19일,53.04,,
17년04월20일,51.46,,
17년04월21일,51.36,,
17년04월24일,50.94,,
17년04월25일,50.13,,
17년04월26일,50.57,,
17년04월27일,50.02,,
17년04월28일,50.16,,
17년05월01일,,,
17년05월02일,,,
17년05월03일,49.68,,
17년05월04일,,,
17년05월05일,47.97,,
17년05월08일,,,
17년05월09일,48.38,,
17년05월10일,,,
17년05월11일,49.64,,
17년05월12일,49.46,,
17년05월15일,50.82,,
17년05월16일,51.09,,
17년05월17일,50.42,,
17년05월18일,51,,
17년05월19일,51.96,,
17년05월22일,52.79,,
17년05월23일,52.31,,
17년05월24일,53.1,,
17년05월25일,52.78,,
17년05월26일,50.42,,
17년05월29일,50.65,,
17년05월30일,50.48,,
17년05월31일,50.09,,
17년06월01일,50.16,,
17년06월02일,48.34,,
17년06월05일,48.77,,
17년06월06일,47.89,,
17년06월07일,48.42,,
17년06월08일,47.07,,
17년06월09일,46.46,,
17년06월12일,47.02,,
17년06월13일,47.3,,
17년06월14일,46.84,,
17년06월15일,45.37,,
17년06월16일,45.88,,
17년06월19일,45.68,,
17년06월20일,45.62,,
17년06월21일,44.32,,
17년06월22일,43.5,,
17년06월23일,44.17,,
17년06월26일,,,
17년06월27일,45.03,,
17년06월28일,45.3,,
17년06월29일,46.36,,
17년06월30일,46.47,,
17년07월03일,47.62,,
17년07월04일,48.43,,
17년07월05일,48.34,,
17년07월06일,47.07,,
17년07월07일,46.05,,
17년07월10일,45.24,,
17년07월11일,45.27,,
17년07월12일,46.82,,
17년07월13일,46.1,,
17년07월14일,46.99,,
17년07월17일,47.65,,
17년07월18일,47.2,,
17년07월19일,47.41,,
17년07월20일,48.33,,
17년07월21일,48.17,,
17년07월24일,46.51,,
17년07월25일,47.3,,
17년07월26일,49.05,,
17년07월27일,49.35,,
17년07월28일,49.72,,
17년07월31일,50.38,,
17년08월01일,51.22,,
17년08월02일,50.29,,
17년08월03일,50.83,,
17년08월04일,50.36,,
17년08월07일,50.8,,
17년08월08일,51.24,,
17년08월09일,,,
17년08월10일,51.62,,
17년08월11일,49.86,,
17년08월14일,50.36,,
17년08월15일,49.26,,
17년08월16일,49.53,,
17년08월17일,48.65,,
17년08월18일,49.26,,
17년08월21일,50.72,,
17년08월22일,49.97,,
17년08월23일,49.93,,
17년08월24일,50.55,,
17년08월25일,50.56,,
17년08월28일,50.55,,
17년08월29일,50.1,,
17년08월30일,49.93,,
17년08월31일,49.26,,
17년09월01일,,,
17년09월04일,50.6,,
17년09월05일,51.02,,
17년09월06일,52.14,,
17년09월07일,52.99,,
17년09월08일,53.18,,
17년09월11일,52.14,,
17년09월12일,52.17,,
17년09월13일,52.87,,
17년09월14일,53.57,,
17년09월15일,53.64,,
17년09월18일,54.19,,
17년09월19일,54.07,,
17년09월20일,53.93,,
17년09월21일,54.65,,
17년09월22일,54.66,,
17년09월25일,54.83,,
17년09월26일,56.15,,
17년09월27일,55.65,,
17년09월28일,55.55,,
17년09월29일,55.19,,
17년10월02일,55.16,,
17년10월03일,54.45,,
17년10월04일,53.92,,
17년10월05일,54.35,,
17년10월06일,55.27,,
17년10월09일,53.76,,
17년10월10일,54.08,,
17년10월11일,54.78,,
17년10월12일,54.97,,
17년10월13일,55.4,,
17년10월16일,55.98,,
17년10월17일,56.33,,
17년10월18일,,,
17년10월19일,55.51,,
17년10월20일,55.13,,
17년10월23일,55.85,,
17년10월24일,55.28,,
17년10월25일,56.2,,
17년10월26일,56.21,,
17년10월27일,57,,
17년10월30일,58.33,,
17년10월31일,58.32,,
17년11월01일,59.61,,
17년11월02일,58.58,,
17년11월03일,58.93,,
17년11월06일,60.58,,
17년11월07일,62.39,,
17년11월08일,61.8,,
17년11월09일,61.61,,
17년11월10일,62.06,,
17년11월13일,61.63,,
17년11월14일,61.25,,
17년11월15일,60.04,,
17년11월16일,60.29,,
17년11월17일,59.66,,
17년11월20일,60.68,,
17년11월21일,60.48,,
17년11월22일,61.12,,
17년11월23일,61.13,,
17년11월24일,61.62,,
17년11월27일,61.5,,
17년11월28일,61.25,,
17년11월29일,60.97,,
17년11월30일,60.82,,
17년12월01일,60.8,,
17년12월04일,60.99,,
17년12월05일,60.22,,
17년12월06일,60.72,,
17년12월07일,59.43,,
17년12월08일,60.26,,
17년12월11일,60.96,,
17년12월12일,62.52,,
17년12월13일,61.33,,
17년12월14일,60.23,,
17년12월15일,61.18,,
17년12월18일,61.28,,
17년12월19일,61.4,,
17년12월20일,61.6,,
17년12월21일,62.17,,
17년12월22일,62.37,,
17년12월26일,62.61,,
17년12월27일,63.94,,
17년12월28일,63.85,,
17년12월29일,64.33,,
18년01월02일,64.37,,
18년01월03일,64.15,,
18년01월04일,65.35,,
18년01월05일,65.33,,
18년01월08일,65.04,,
18년01월09일,65.51,,
18년01월10일,66.59,,
18년01월11일,66.5,,
18년01월12일,66.29,,
18년01월15일,67.03,,
18년01월16일,67.09,,
18년01월17일,66.27,,
18년01월18일,66.42,,
18년01월19일,65.95,,
18년01월22일,66.09,,
18년01월23일,66.49,,
18년01월24일,66.86,,
18년01월25일,67.98,,
18년01월26일,67.4,,
18년01월29일,67.55,,
18년01월30일,66.38,,
18년01월31일,65.77,,
18년02월01일,66.12,,
18년02월02일,67.02,,
18년02월05일,65.07,,
18년02월06일,64.25,,
18년02월07일,64.05,,
18년02월08일,62.26,,
18년02월09일,61.12,,
18년02월12일,60.29,,
18년02월13일,59.84,,
18년02월14일,59.4,,
18년02월15일,61.67,,
18년02월16일,,,
18년02월19일,61.77,,
18년02월20일,62.05,,
18년02월21일,61.3,,
18년02월22일,61.6,,
18년02월23일,62.77,,
18년02월26일,63.9,,
18년02월27일,64.02,,
18년02월28일,63.22,,
18년03월01일,61.42,,
18년03월02일,60.28,,
18년03월05일,61.32,,
18년03월06일,62.04,,
18년03월07일,61.61,,
18년03월08일,60.8,,
18년03월09일,60.28,,
18년03월12일,61.71,,
18년03월13일,61.25,,
18년03월14일,61.23,,
18년03월15일,61.45,,
18년03월16일,61.74,,
18년03월19일,62.48,,
18년03월20일,62.98,,
18년03월21일,63.89,,
18년03월22일,65.44,,
18년03월23일,65.33,,
18년03월26일,65.97,,
18년03월27일,65.83,,
18년03월28일,65.24,,
18년03월29일,65.33,,
18년04월02일,66.79,,
18년04월03일,65.16,,
18년04월04일,64.7,,
18년04월05일,65.38,,
18년04월06일,65.37,,
18년04월09일,64.7,,
18년04월10일,66.51,,
18년04월11일,67.58,,
18년04월12일,68.63,,
18년04월13일,69.04,,
18년04월16일,68.18,,
18년04월17일,68.23,,
18년04월18일,68.81,,
18년04월19일,70.75,,
18년04월20일,70.42,,
18년04월23일,70.29,,
18년04월24일,71.24,,
18년04월25일,70.36,,
18년04월26일,70.63,,
18년04월27일,70.88,,
18년04월30일,70.05,,
18년05월01일,,,
18년05월02일,70.25,,
18년05월03일,70.54,,
18년05월04일,70.47,,
18년05월07일,72.46,,
18년05월08일,72.48,,
18년05월09일,73.93,,
18년05월10일,74.73,,
18년05월11일,74.46,,
18년05월14일,73.77,,
18년05월15일,75.3,,
18년05월16일,75.1,,
18년05월17일,76.67,,
18년05월18일,77.06,,
18년05월21일,76.43,,
18년05월22일,77.28,,
18년05월23일,76.65,,
18년05월24일,77.03,,
18년05월25일,75.78,,
18년05월28일,73.24,,
18년05월29일,,,
18년05월30일,73.53,,
18년05월31일,75.45,,
18년06월01일,75.11,,
18년06월04일,74.4,,
18년06월05일,73.61,,
18년06월06일,73.75,,
18년06월07일,73.58,,
18년06월08일,74.87,,
18년06월11일,74.36,,
18년06월12일,74.75,,
18년06월13일,73.48,,
18년06월14일,74.31,,
18년06월15일,,,
18년06월18일,70.97,,
18년06월19일,72.07,,
18년06월20일,72.65,,
18년06월21일,71.25,,
18년06월22일,71.77,,
18년06월25일,72.81,,
18년06월26일,73.03,,
18년06월27일,74.36,,
18년06월28일,75.19,,
18년06월29일,75.86,,
18년07월02일,75.57,,
18년07월03일,74.77,,
18년07월04일,75.07,,
18년07월05일,74.92,,
18년07월06일,74.18,,
18년07월09일,74.67,,
18년07월10일,76,,
18년07월11일,74.75,,
18년07월12일,72.56,,
18년07월13일,71.65,,
18년07월16일,72.95,,
18년07월17일,70.36,,
18년07월18일,69.68,,
18년07월19일,70.41,,
18년07월20일,71.52,,
18년07월23일,71.5,,
18년07월24일,71.59,,
18년07월25일,72.49,,
18년07월26일,73.41,,
18년07월27일,73.42,,
18년07월30일,73.38,,
18년07월31일,73.69,,
18년08월01일,72.42,,
18년08월02일,71.14,,
18년08월03일,71.93,,
18년08월06일,72.11,,
18년08월07일,72.65,,
18년08월08일,73.28,,
18년08월09일,,,
18년08월10일,70.55,,
18년08월13일,71.25,,
18년08월14일,71.79,,
18년08월15일,70.66,,
18년08월16일,69.6,,
18년08월17일,70.38,,
18년08월20일,70.81,,
18년08월21일,71.11,,
18년08월22일,,,
18년08월23일,73.14,,
18년08월24일,74,,
18년08월27일,74.41,,
18년08월28일,75.02,,
18년08월29일,74.34,,
18년08월30일,75.76,,
18년08월31일,75.85,,
18년09월03일,76.18,,
18년09월04일,76.88,,
18년09월05일,75.83,,
18년09월06일,75.31,,
18년09월07일,74.73,,
18년09월10일,75.83,,
18년09월11일,76.22,,
18년09월12일,77.45,,
18년09월13일,77.2,,
18년09월14일,76.31,,
18년09월17일,76.43,,
18년09월18일,75.85,,
18년09월19일,77.02,,
18년09월20일,77.53,,
18년09월21일,77.35,,
18년09월24일,78.45,,
18년09월25일,79.69,,
18년09월26일,80.04,,
18년09월27일,80.36,,
18년09월28일,80.03,,
18년10월01일,80.83,,
18년10월02일,82.88,,
18년10월03일,83.29,,
18년10월04일,84.44,,
18년10월05일,83.2,,
18년10월08일,81.61,,
18년10월09일,82.8,,
18년10월10일,83.04,,
18년10월11일,80.66,,
18년10월12일,79.36,,
18년10월15일,79.3,,
18년10월16일,78.83,,
18년10월17일,80.23,,
18년10월18일,78.43,,
18년10월19일,77.88,,
18년10월22일,78.78,,
18년10월23일,77.83,,
18년10월24일,74.42,,
18년10월25일,74.96,,
18년10월26일,75.42,,
18년10월29일,76.01,,
18년10월30일,76.18,,
18년10월31일,75.66,,
18년11월01일,73.38,,
18년11월02일,71.67,,
18년11월05일,71.2,,
18년11월06일,,,
18년11월07일,70.64,,
18년11월08일,71.54,,
18년11월09일,69.36,,
18년11월12일,70.59,,
18년11월13일,68.48,,
18년11월14일,64.46,,
18년11월15일,65.39,,
18년11월16일,66.49,,
18년11월19일,66.17,,
18년11월20일,65.51,,
18년11월21일,62.65,,
18년11월22일,62.44,,
18년11월23일,61.08,,
18년11월26일,59.13,,
18년11월27일,59.07,,
18년11월28일,60.18,,
18년11월29일,58.3,,
18년11월30일,59.02,,
18년12월03일,61.19,,
18년12월04일,61.54,,
18년12월05일,59.81,,
18년12월06일,59.85,,
18년12월07일,58.39,,
18년12월10일,60.22,,
18년12월11일,58.37,,
18년12월12일,59.23,,
18년12월13일,58.81,,
18년12월14일,59.67,,
18년12월17일,58.92,,
18년12월18일,57.21,,
18년12월19일,55.05,,
18년12월20일,54.47,,
18년12월21일,53.51,,
18년12월24일,,,
18년12월26일,49.52,,
18년12월27일,53.07,,
18년12월28일,52.86,,
18년12월31일,,,
19년01월02일,51.86,,
19년01월03일,53.2,,
19년01월04일,55.59,,
19년01월07일,56.79,,
19년01월08일,56.18,,
19년01월09일,58.07,,
19년01월10일,59.6,,
19년01월11일,61.16,,
19년01월14일,58.92,,
19년01월15일,58.63,,
19년01월16일,60.15,,
19년01월17일,60.03,,
19년01월18일,61.12,,
19년01월21일,61.88,,
19년01월22일,61.43,,
19년01월23일,61.23,,
19년01월24일,60.41,,
19년01월25일,61.16,,
19년01월28일,60.32,,
19년01월29일,59.44,,
19년01월30일,60.93,,
19년01월31일,61.82,,
19년02월01일,60.87,,
19년02월04일,62.93,,
19년02월05일,,,
19년02월06일,,,
19년02월07일,62.51,,
19년02월08일,61.62,,
19년02월11일,62.02,,
19년02월12일,62.23,,
19년02월13일,63.34,,
19년02월14일,65.32,,
19년02월15일,65.12,,
19년02월18일,66.73,,
19년02월19일,66.48,,
19년02월20일,66.38,,
19년02월21일,67.12,,
19년02월22일,67.22,,
19년02월25일,66.84,,
19년02월26일,64.56,,
19년02월27일,65.3,,
19년02월28일,65.98,,
19년03월01일,66.56,,
19년03월04일,65.36,,
19년03월05일,65.73,,
19년03월06일,65.85,,
19년03월07일,66.47,,
19년03월08일,65.77,,
19년03월11일,66.81,,
19년03월12일,67.15,,
19년03월13일,67.22,,
19년03월14일,68.17,,
19년03월15일,67.71,,
19년03월18일,67.32,,
19년03월19일,67.63,,
19년03월20일,67.67,,
19년03월21일,68.23,,
19년03월22일,67.46,,
19년03월25일,66.34,,
19년03월26일,67.17,,
19년03월27일,67.37,,
19년03월28일,66.56,,
19년03월29일,67.23,,
19년04월01일,68.23,,
19년04월02일,68.81,,
19년04월03일,69.43,,
19년04월04일,68.67,,
19년04월05일,68.82,,
19년04월08일,70.29,,
19년04월09일,70.53,,
19년04월10일,70.08,,
19년04월11일,70.52,,
19년04월12일,70.1,,
19년04월15일,70.32,,
19년04월16일,70.21,,
19년04월17일,71.33,,
19년04월18일,71.07,,
19년04월22일,73.36,,
19년04월23일,73.77,,
19년04월24일,73.67,,
19년04월25일,74.46,,
19년04월26일,73.45,,
19년04월29일,71.09,,
19년04월30일,71.63,,
19년05월01일,,,
19년05월02일,71.43,,
19년05월03일,69.93,,
19년05월06일,69.22,,
19년05월07일,70.29,,
19년05월08일,69.28,,
19년05월09일,69.09,,
19년05월10일,70.1,,
19년05월13일,70.97,,
19년05월14일,69.7,,
19년05월15일,70.46,,
19년05월16일,72.04,,
19년05월17일,72.46,,
19년05월20일,,,
19년05월21일,71.64,,
19년05월22일,71.23,,
19년05월23일,69.22,,
19년05월24일,66.73,,
19년05월27일,66.88,,
19년05월28일,68.31,,
19년05월29일,67.13,,
19년05월30일,67.12,,
19년05월31일,63.83,,
19년06월03일,60.17,,
19년06월04일,60.03,,
19년06월05일,,,
19년06월06일,59.37,,
19년06월07일,61.2,,
19년06월10일,61.92,,
19년06월11일,61.28,,
19년06월12일,59.9,,
19년06월13일,60.28,,
19년06월14일,59.9,,
19년06월17일,60.74,,
19년06월18일,59.92,,
19년06월19일,61.22,,
19년06월20일,62.61,,
19년06월21일,64.22,,
19년06월24일,64.02,,
19년06월25일,63.38,,
19년06월26일,64.29,,
19년06월27일,64.42,,
19년06월28일,64.88,,
19년07월01일,64.92,,
19년07월02일,63.43,,
19년07월03일,60.62,,
19년07월04일,61.75,,
19년07월05일,61.62,,
19년07월08일,63.32,,
19년07월09일,62.63,,
19년07월10일,63.9,,
19년07월11일,65.95,,
19년07월12일,65.88,,
19년07월15일,65.22,,
19년07월16일,64.58,,
19년07월17일,63.23,,
19년07월18일,62.14,,
19년07월19일,61.55,,
19년07월22일,62.74,,
19년07월23일,62.11,,
19년07월24일,63.21,,
19년07월25일,63.03,,
19년07월26일,62.83,,
19년07월29일,62.53,,
19년07월30일,63.63,,
19년07월31일,64.57,,
19년08월01일,63.05,,
19년08월02일,60.33,,
19년08월05일,59.68,,
19년08월06일,58.75,,
19년08월07일,57.89,,
19년08월08일,56.83,,
19년08월09일,,,
19년08월12일,,,
19년08월13일,57.76,,
19년08월14일,59.66,,
19년08월15일,58.33,,
19년08월16일,58.2,,
19년08월19일,58.4,,
19년08월20일,59.24,,
19년08월21일,60.09,,
19년08월22일,60.29,,
19년08월23일,59.43,,
19년08월26일,58.59,,
19년08월27일,58.07,,
19년08월28일,58.99,,
19년08월29일,59.32,,
19년08월30일,59.62,,
19년09월02일,57.62,,
19년09월03일,56.48,,
19년09월04일,56.72,,
19년09월05일,58.53,,
19년09월06일,59.23,,
19년09월09일,60.12,,
19년09월10일,60.89,,
19년09월11일,60.89,,
19년09월12일,59.32,,
19년09월13일,58.36,,
19년09월16일,63.88,,
19년09월17일,67.53,,
19년09월18일,63.3,,
19년09월19일,63.23,,
19년09월20일,64.28,,
19년09월23일,63.59,,
19년09월24일,63.46,,
19년09월25일,61.57,,
19년09월26일,61.73,,
19년09월27일,62.07,,
19년09월30일,60.94,,
19년10월01일,59.22,,
19년10월02일,58.67,,
19년10월03일,57.44,,
19년10월04일,57.84,,
19년10월07일,58.24,,
19년10월08일,58.03,,
19년10월09일,57.72,,
19년10월10일,57.77,,
19년10월11일,60.44,,
19년10월14일,60.03,,
19년10월15일,59.42,,
19년10월16일,58.8,,
19년10월17일,59.23,,
19년10월18일,59.7,,
19년10월21일,59.38,,
19년10월22일,58.95,,
19년10월23일,59.67,,
19년10월24일,61.04,,
19년10월25일,61.46,,
19년10월28일,,,
19년10월29일,61,,
19년10월30일,61.32,,
19년10월31일,61.1,,
19년11월01일,58.72,,
19년11월04일,60.74,,
19년11월05일,61.34,,
19년11월06일,61.49,,
19년11월07일,61.13,,
19년11월08일,60.88,,
19년11월11일,61.15,,
19년11월12일,62.16,,
19년11월13일,61.48,,
19년11월14일,62.47,,
19년11월15일,61.93,,
19년11월18일,62.84,,
19년11월19일,61.86,,
19년11월20일,60.45,,
19년11월21일,62.13,,
19년11월22일,63.74,,
19년11월25일,63.43,,
19년11월26일,63.1,,
19년11월27일,63.69,,
19년11월28일,63.33,,
19년11월29일,63.83,,
19년12월02일,60.83,,
19년12월03일,60.98,,
19년12월04일,61.11,,
19년12월05일,62.73,,
19년12월06일,63.02,,
19년12월09일,63.74,,
19년12월10일,63.84,,
19년12월11일,63.78,,
19년12월12일,64.01,,
19년12월13일,64.92,,
19년12월16일,65.54,,
19년12월17일,65.62,,
19년12월18일,66.14,,
19년12월19일,66.48,,
19년12월20일,66.87,,
19년12월23일,66.21,,
19년12월24일,66.77,,
19년12월26일,67.48,,
19년12월27일,67.88,,
19년12월30일,67.81,,
19년12월31일,67.27,,
20년01월02일,65.69,,
20년01월03일,67.79,,
20년01월06일,69.65,,
20년01월07일,68.34,,
20년01월08일,69.24,,
20년01월09일,66.17,,
20년01월10일,65.93,,
20년01월13일,65.68,,
20년01월14일,64.78,,
20년01월15일,64.61,,
20년01월16일,64.74,,
20년01월17일,65.1,,
20년01월20일,65.24,,
20년01월21일,64.27,,
20년01월22일,64.26,,
20년01월23일,62.77,,
20년01월24일,62.23,,
20년01월27일,,,
20년01월28일,58.57,,
20년01월29일,59.37,,
20년01월30일,57.76,,
20년01월31일,58.45,,
20년02월03일,55.23,,
20년02월04일,53.99,,
20년02월05일,53.57,,
20년02월06일,55.18,,
20년02월07일,54.37,,
20년02월10일,53.33,,
20년02월11일,53.03,,
20년02월12일,54.23,,
20년02월13일,54.54,,
20년02월14일,55.23,,
20년02월17일,55.98,,
20년02월18일,55.11,,
20년02월19일,56.39,,
20년02월20일,56.92,,
20년02월21일,56.41,,
20년02월24일,54.64,,
20년02월25일,54.48,,
20년02월26일,52.28,,
20년02월27일,50.62,,
20년02월28일,49.05,,
20년03월02일,50.58,,
20년03월03일,51.72,,
20년03월04일,50.81,,
20년03월05일,50.78,,
20년03월06일,48.58,,
20년03월09일,32.87,,
20년03월10일,34.18,,
20년03월11일,34.58,,
20년03월12일,32.69,,
20년03월13일,33.93,,
20년03월16일,31.49,,
20년03월17일,30.83,,
20년03월18일,28.26,,
20년03월19일,25.82,,
20년03월20일,28.67,,
20년03월23일,24.6,,
20년03월24일,26.64,,
20년03월25일,27.05,,
20년03월26일,25.74,,
20년03월27일,25.04,,
20년03월30일,23.24,,
20년03월31일,23.43,,
20년04월01일,21.23,,
20년04월02일,21.55,,
20년04월03일,24.51,,
20년04월06일,24.87,,
20년04월07일,24.88,,
20년04월08일,23.52,,
20년04월09일,23.32,,
20년04월13일,22.31,,
20년04월14일,21.66,,
20년04월15일,19.68,,
20년04월16일,19.72,,
20년04월17일,20.61,,
20년04월20일,20.78,,
20년04월21일,17.37,,
20년04월22일,13.52,,
20년04월23일,18.13,,
20년04월24일,18.17,,
20년04월27일,17.97,,
20년04월28일,16.63,,
20년04월29일,17.12,,
20년04월30일,20.73,,
20년05월01일,,,
20년05월04일,24.33,,
20년05월05일,26,,
20년05월06일,26.88,,
20년05월07일,,,
20년05월08일,25.92,,
20년05월11일,26.72,,
20년05월12일,26.93,,
20년05월13일,26.84,,
20년05월14일,29.83,,
20년05월15일,31.94,,
20년05월18일,32.9,,
20년05월19일,33.18,,
20년05월20일,32.95,,
20년05월21일,34.1,,
20년05월22일,32.62,,
20년05월25일,,,
20년05월26일,34.81,,
20년05월27일,34.48,,
20년05월28일,33.17,,
20년05월29일,34.86,,
20년06월01일,37.97,,
20년06월02일,38.93,,
20년06월03일,39.87,,
20년06월04일,38.82,,
20년06월05일,40.63,,
20년06월08일,42.94,,
20년06월09일,40.85,,
20년06월10일,40.91,,
20년06월11일,40.6,,
20년06월12일,38.42,,
20년06월15일,38.35,,
20년06월16일,40.29,,
20년06월17일,41.46,,
20년06월18일,41.09,,
20년06월19일,42.95,,
20년06월22일,42.32,,
20년06월23일,43.39,,
20년06월24일,42.49,,
20년06월25일,40.58,,
20년06월26일,42.02,,
20년06월29일,40.63,,
20년06월30일,42.07,,
20년07월01일,42.7,,
20년07월02일,42.85,,
20년07월03일,42.68,,
20년07월06일,43.66,,
20년07월07일,42.9,,
20년07월08일,43.34,,
20년07월09일,43.63,,
20년07월10일,,,
20년07월13일,43.38,,
20년07월14일,42.78,,
20년07월15일,44.18,,
20년07월16일,43.37,,
20년07월17일,42.86,,
20년07월20일,42.72,,
20년07월21일,43.87,,
20년07월22일,44.12,,
20년07월23일,44.42,,
20년07월24일,43.11,,
20년07월27일,43.13,,
20년07월28일,43.12,,
20년07월29일,43.27,,
20년07월30일,43.14,,
20년07월31일,,,
20년08월03일,42.48,,
20년08월04일,42.97,,
20년08월05일,43.76,,
20년08월06일,43.71,,
20년08월07일,43.88,,
20년08월10일,,,
20년08월11일,44.12,,
20년08월12일,43.63,,
20년08월13일,44.18,,
20년08월14일,43.44,,
20년08월17일,43.67,,
20년08월18일,44.46,,
20년08월19일,43.8,,
20년08월20일,43.89,,
20년08월21일,43.96,,
20년08월24일,43.78,,
20년08월25일,44.34,,
20년08월26일,44.83,,
20년08월27일,45.01,,
20년08월28일,44.12,,
20년08월31일,45.93,,
20년09월01일,45.11,,
20년09월02일,45.3,,
20년09월03일,43.43,,
20년09월04일,43.78,,
20년09월07일,41.42,,
20년09월08일,40.68,,
20년09월09일,39.49,,
20년09월10일,39.74,,
20년09월11일,39.27,,
20년09월14일,38.89,,
20년09월15일,39.24,,
20년09월16일,41.21,,
20년09월17일,41.67,,
20년09월18일,43.02,,
20년09월21일,41.63,,
20년09월22일,41.14,,
20년09월23일,41.38,,
20년09월24일,41.21,,
20년09월25일,41.98,,
20년09월28일,41.41,,
20년09월29일,41.87,,
20년09월30일,40.36,,
20년10월01일,41.12,,
20년10월02일,38.62,,
20년10월05일,39.27,,
20년10월06일,40.55,,
20년10월07일,41.24,,
20년10월08일,41.46,,
20년10월09일,42.06,,
20년10월12일,41.28,,
20년10월13일,41.19,,
20년10월14일,41.62,,
20년10월15일,42.01,,
20년10월16일,41.88,,
20년10월19일,41.77,,
20년10월20일,41.58,,
20년10월21일,41.71,,
20년10월22일,41.36,,
20년10월23일,41.67,,
20년10월26일,39.84,,
20년10월27일,39.9,,
20년10월28일,39.27,,
20년10월29일,38.26,,
20년10월30일,37.18,,
20년11월02일,36.3,,
20년11월03일,39.52,,
20년11월04일,39.76,,
20년11월05일,40.69,,
20년11월06일,40.57,,
20년11월09일,40.34,,
20년11월10일,42.49,,
20년11월11일,44.44,,
20년11월12일,43.95,,
20년11월13일,43.15,,
20년11월16일,43.74,,
20년11월17일,43.87,,
20년11월18일,43.78,,
20년11월19일,44,,
20년11월20일,44.19,,
20년11월23일,45.61,,
20년11월24일,45.86,,
20년11월25일,47.87,,
20년11월26일,47.49,,
20년11월27일,47.13,,
20년11월30일,47.02,,
20년12월01일,47.59,,
20년12월02일,47.08,,
20년12월03일,48.06,,
20년12월04일,49.04,,
20년12월07일,48.29,,
20년12월08일,48.3,,
20년12월09일,49.14,,
20년12월10일,49.03,,
20년12월11일,50.47,,
20년12월14일,50.65,,
20년12월15일,50.17,,
20년12월16일,50.85,,
20년12월17일,51.46,,
20년12월18일,51.11,,
20년12월21일,50.26,,
20년12월22일,49.75,,
20년12월23일,49.61,,
20년12월24일,51.28,,
20년12월28일,51.07,,
20년12월29일,50.97,,
20년12월30일,51.05,,
20년12월31일,51.14,,
21년01월04일,52.49,,
21년01월05일,50.5,,
21년01월06일,53.51,,
21년01월07일,54.52,,
21년01월08일,54.58,,
21년01월11일,55.33,,
21년01월12일,55.71,,
21년01월13일,56.44,,
21년01월14일,55.7,,
21년01월15일,55.39,,
21년01월18일,54.19,,
21년01월19일,55.19,,
21년01월20일,56.24,,
21년01월21일,55.49,,
21년01월22일,55.2,,
21년01월25일,55.41,,
21년01월26일,55.32,,
21년01월27일,55.74,,
21년01월28일,54.77,,
21년01월29일,54.65,,
21년02월01일,55,,
21년02월02일,56.77,,
21년02월03일,57.64,,
21년02월04일,58.36,,
21년02월05일,58.94,,
21년02월08일,59.8,,
21년02월09일,60.49,,
21년02월10일,60.39,,
21년02월11일,60.54,,
21년02월12일,,,
21년02월15일,62.48,,
21년02월16일,62.3,,
21년02월17일,62.8,,
21년02월18일,63.26,,
21년02월19일,60.83,,
21년02월22일,61.28,,
21년02월23일,63.54,,
21년02월24일,62.89,,
21년02월25일,65.39,,
21년02월26일,64.29,,
21년03월01일,64.23,,
21년03월02일,61.41,,
21년03월03일,61.44,,
21년03월04일,63.11,,
21년03월05일,66.37,,
21년03월08일,68.32,,
21년03월09일,66.4,,
21년03월10일,65.3,,
21년03월11일,66.82,,
21년03월12일,67.9,,
21년03월15일,68.25,,
21년03월16일,66.46,,
21년03월17일,66.57,,
21년03월18일,65.29,,
21년03월19일,62.2,,
21년03월22일,63.18,,
21년03월23일,63,,
21년03월24일,60.98,,
21년03월25일,62.43,,
21년03월26일,62.07,,
21년03월29일,63.11,,
21년03월30일,63.9,,
21년03월31일,63.36,,
21년04월01일,61.51,,
21년04월05일,61.91,,
21년04월06일,61.34,,
21년04월07일,60.88,,
21년04월08일,61.24,,
21년04월09일,60.94,,
21년04월12일,61.1,,
21년04월13일,61.58,,
21년04월14일,62.56,,
21년04월15일,64.17,,
21년04월16일,65.12,,
21년04월19일,64.83,,
21년04월20일,65.74,,
21년04월21일,63.71,,
21년04월22일,62.25,,
21년04월23일,62.93,,
21년04월26일,62.37,,
21년04월27일,63.27,,
21년04월28일,63.57,,
21년04월29일,65.1,,
21년04월30일,65.27,,
21년05월03일,64.38,,
21년05월04일,65.83,,
21년05월05일,67.76,,
21년05월06일,67.17,,
21년05월07일,65.9,,
21년05월10일,66.74,,
21년05월11일,65.54,,
21년05월12일,66.56,,
21년05월13일,,,
21년05월14일,65.26,,
21년05월17일,67.17,,
21년05월18일,68.41,,
21년05월19일,66.11,,
21년05월20일,65.03,,
21년05월21일,63.25,,
21년05월24일,66.26,,
21년05월25일,67.37,,
21년05월26일,,,
21년05월27일,66.41,,
21년05월28일,67.41,,
21년05월31일,67.94,,
21년06월01일,69.1,,
21년06월02일,69.21,,
21년06월03일,69.97,,
21년06월04일,70.1,,
21년06월07일,70.03,,
21년06월08일,69.34,,
21년06월09일,71.14,,
21년06월10일,70.71,,
21년06월11일,71.18,,
21년06월14일,72.01,,
21년06월15일,71.79,,
21년06월16일,72.78,,
21년06월17일,72.35,,
21년06월18일,70.98,,
21년06월21일,71.79,,
21년06월22일,72.52,,
21년06월23일,73.43,,
21년06월24일,73.73,,
21년06월25일,73.46,,
21년06월28일,73.88,,
21년06월29일,72.85,,
21년06월30일,72.87,,
21년07월01일,73.85,,
21년07월02일,74.09,,
21년07월05일,74.68,,
21년07월06일,75.88,,
21년07월07일,73.29,,
21년07월08일,70.63,,
21년07월09일,73.03,,
21년07월12일,73.54,,
21년07월13일,74.36,,
21년07월14일,74.72,,
21년07월15일,72.23,,
21년07월16일,72.18,,
21년07월19일,71.68,,
21년07월20일,,,
21년07월21일,68.67,,
21년07월22일,71.43,,
21년07월23일,72.25,,
21년07월26일,71.59,,
21년07월27일,73.02,,
21년07월28일,72.82,,
21년07월29일,73.68,,
21년07월30일,73.9,,
21년08월02일,73.28,,
21년08월03일,71.88,,
21년08월04일,71.37,,
21년08월05일,68.8,,
21년08월06일,70.72,,
21년08월09일,,,
21년08월10일,68.91,,
21년08월11일,69.77,,
21년08월12일,70.52,,
21년08월13일,70.03,,
21년08월16일,68.9,,
21년08월17일,68.45,,
21년08월18일,68.58,,
21년08월19일,65.35,,
21년08월20일,65.37,,
21년08월23일,66.09,,
21년08월24일,68.7,,
21년08월25일,69.69,,
21년08월26일,70.11,,
21년08월27일,70.76,,
21년08월30일,71.13,,
21년08월31일,71.19,,
21년09월01일,70.43,,
21년09월02일,69.74,,
21년09월03일,71.26,,
21년09월06일,69.99,,
21년09월07일,70.35,,
21년09월08일,69.78,,
21년09월09일,70.65,,
21년09월10일,70.85,,
21년09월13일,71.73,,
21년09월14일,72.29,,
21년09월15일,72.26,,
21년09월16일,73.09,,
21년09월17일,73.06,,
21년09월20일,72.13,,
21년09월21일,72.9,,
21년09월22일,73.3,,
21년09월23일,74.11,,
21년09월24일,74.77,,
21년09월27일,76.17,,
21년09월28일,77.34,,
21년09월29일,75.7,,
21년09월30일,75.92,,
21년10월01일,75.68,,
21년10월04일,77.17,,
21년10월05일,79.57,,
21년10월06일,80.55,,
21년10월07일,77.41,,
21년10월08일,81.23,,
21년10월11일,82.03,,
21년10월12일,82.07,,
21년10월13일,81.43,,
21년10월14일,82.28,,
21년10월15일,82.99,,
21년10월18일,83.89,,
21년10월19일,83.03,,
21년10월20일,82.56,,
21년10월21일,83.12,,
21년10월22일,82.57,,
21년10월25일,84.37,,
21년10월26일,83.94,,
21년10월27일,83.46,,
21년10월28일,81.91,,
21년10월29일,82.57,,
21년11월01일,81.99,,
21년11월02일,83.31,,
21년11월03일,81.89,,
21년11월04일,,,
21년11월05일,79.48,,
21년11월08일,81.99,,
21년11월09일,82.24,,
21년11월10일,83.97,,
21년11월11일,81.83,,
21년11월12일,81.57,,
21년11월15일,80.89,,
21년11월16일,81.96,,
21년11월17일,81.01,,
21년11월18일,78.66,,
21년11월19일,80.89,,
21년11월22일,78.42,,
21년11월23일,78.47,,
21년11월24일,81.86,,
21년11월25일,81.44,,
21년11월26일,77.38,,
21년11월29일,75.17,,
21년11월30일,71.88,,
21년12월01일,71.13,,
21년12월02일,69.13,,
21년12월03일,70.79,,
21년12월06일,70.12,,
21년12월07일,73.22,,
21년12월08일,73.83,,
21년12월09일,74.48,,
21년12월10일,72.73,,
21년12월13일,74.11,,
21년12월14일,73.39,,
21년12월15일,72.01,,
21년12월16일,73.37,,
21년12월17일,73.36,,
21년12월20일,70.11,,
21년12월21일,70.56,,
21년12월22일,72.56,,
21년12월23일,73.54,,
21년12월24일,74.37,,
21년12월27일,,,
21년12월28일,76.47,,
21년12월29일,76.91,,
21년12월30일,77.24,,
21년12월31일,77.12,,
22년01월03일,76.88,,
22년01월04일,77.51,,
22년01월05일,78.4,,
22년01월06일,78.83,,
22년01월07일,80.55,,
22년01월10일,80.36,,
22년01월11일,79.97,,
22년01월12일,82.19,,
22년01월13일,82.96,,
22년01월14일,83.75,,
22년01월17일,84.92,,
22년01월18일,86.58,,
22년01월19일,86.37,,
22년01월20일,86.35,,
22년01월21일,85.14,,
22년01월24일,86.71,,
22년01월25일,84.86,,
22년01월26일,86.77,,
22년01월27일,87.8,,
22년01월28일,87.58,,
22년01월31일,88.39,,
22년02월01일,,,
22년02월02일,,,
22년02월03일,87.46,,
22년02월04일,90.22,,
22년02월07일,90.91,,
22년02월08일,90.42,,
22년02월09일,89.39,,
22년02월10일,90.6,,
22년02월11일,90.25,,
22년02월14일,92.72,,
22년02월15일,93.05,,
22년02월16일,92.6,,
22년02월17일,91.9,,
22년02월18일,90.3,,
22년02월21일,91.73,,
22년02월22일,96.01,,
22년02월23일,93.65,,
22년02월24일,98.64,,
22년02월25일,95.84,,
22년02월28일,96.86,,
22년03월01일,98.71,,
22년03월02일,110.05,,
22년03월03일,116.65,,
22년03월04일,108.84,,
22년03월07일,125.19,,
22년03월08일,122.99,,
22년03월09일,127.86,,
22년03월10일,115.33,,
22년03월11일,110.49,,
22년03월14일,109.88,,
22년03월15일,99.78,,
22년03월16일,102.52,,
22년03월17일,100.86,,
22년03월18일,106.62,,
22년03월21일,109.81,,
22년03월22일,111.19,,
22년03월23일,111.8,,
22년03월24일,115.6,,
22년03월25일,111.93,,
22년03월28일,110.67,,
22년03월29일,108.58,,
22년03월30일,108.38,,
22년03월31일,107.71,,
22년04월01일,101.61,,
22년04월04일,101.84,,
22년04월05일,105.34,,
22년04월06일,103.79,,
22년04월07일,97.41,,
22년04월08일,98.14,,
22년04월11일,97.64,,
22년04월12일,98.14,,
22년04월13일,102.44,,
22년04월14일,105.88,,
22년04월18일,108.11,,
22년04월19일,108.69,,
22년04월20일,105.56,,
22년04월21일,106.17,,
22년04월22일,105.04,,
22년04월25일,99.72,,
22년04월26일,99.57,,
22년04월27일,103.05,,
22년04월28일,102.83,,
22년04월29일,105.37,,
